"ID","Work Item Type","Title 1","Title 2","Title 3","Title 4","Priority","Effort","Business Value","Remaining Work","Activity","Iteration Path","Tags","Description","Acceptance Criteria"
"","Epic","[EP-01] Fundação de dados e plataforma","","","","1","29","85","","","ForwardService","fwd-import; MoSCoW:Must; ArchiMate:Supabase / PostgreSQL; ArchiMate:PostgreSQL 16; ArchiMate:Flyway migrations; ArchiMate:GitHub Actions CI; ArchiMate:Docker Engine; ArchiMate:Azure VM (B-series); ArchiMate:Azure VNet; ArchiMate:SOA — Portão Único; REQ-02; REQ-05","<p><b>Objetivo</b><br>Base técnica compartilhada (dados, CI/CD e ambientes) que sustenta todas as camadas da arquitetura.</p><p><b>Hipótese de valor</b><br>Se dados, pipelines e ambientes forem padronizados desde o início, então as quatro frentes evoluem em paralelo sem retrabalho, medido por 100% dos merges com CI verde e ambiente de demonstração subindo com um comando.</p><p><b>Métricas de sucesso</b></p><ul><li>100% dos merges na main com CI verde.</li><li>Ambiente de demonstração sobe em menos de 5 minutos.</li><li>Zero migrations quebradas.</li></ul><p><b>Features</b></p><ul><li>[FT-01.2] Esteira CI/CD, ambientes e hospedagem (18 pts, In Progress)</li><li>[FT-01.1] Modelo de dados, migrations e ambiente de demonstração (11 pts, Done)</li></ul><p><b>Rastreabilidade e planejamento</b></p><ul><li>Pilar: Transversal (Technology Layer)</li><li>Elementos ArchiMate: Supabase / PostgreSQL; PostgreSQL 16; Flyway migrations; GitHub Actions CI; Docker Engine; Azure VM (B-series); Azure VNet; SOA — Portão Único</li><li>Requisitos de qualidade: REQ-02: Disponibilidade ≥ 99%; REQ-05: LGPD — dados pseudonimizados</li><li>Esforço total: 29 pontos. Prioridade: Must (Priority 1)</li></ul><p><b>Critérios de Pronto (DoD do Épico)</b></p><ol><li>Features necessárias em Done; as remanescentes repriorizadas pelo Product Owner.</li><li>Métricas de sucesso do épico medidas e registradas na wiki.</li><li>Views ArchiMate atualizadas quando a arquitetura mudou.</li><li>Resultado apresentado aos stakeholders (banca FIAP x Ford) e lições registradas na retrospectiva.</li></ol><p><i>Chave de rastreio EP-01, gerada a partir de forward-docs/academic/qa/sprint3/backlog.json.</i></p>","<p><b>Critérios de aceite do épico</b></p><ul><li>O modelo de dados versionado cobre todas as tabelas do Solution Design.</li><li>CI obrigatório em todos os repositórios.</li><li>Ambiente de demonstração e piloto na Azure documentados.</li></ul>"
"","Feature","","[FT-01.2] Esteira CI/CD, ambientes e hospedagem","","","1","18","80","","","ForwardService","fwd-import; MoSCoW:Must; ArchiMate:GitHub Actions CI; ArchiMate:Docker Engine; ArchiMate:Azure VM (B-series); ArchiMate:Azure VNet; REQ-02","<p><b>Objetivo</b><br>Governança de repositórios, CI obrigatório, deploy de demonstração e hospedagem do piloto na Azure.</p><p><b>Persona principal:</b> Desenvolvedor da Equipe ForwardService</p><p><b>PBIs</b></p><ul><li>[PBI-001] Setup do time: papéis Scrum, organização GitHub, repositórios e CI mínimo (Sprint 1, 8 pts, Done)</li><li>[PBI-033] Deploy de demonstração com Docker Compose e smoke test pós-deploy (Sprint 4, 5 pts, Approved)</li><li>[PBI-042] Hospedagem na Azure VM com Docker e VNet (Sprint 5, 5 pts, New)</li></ul><p><b>Rastreabilidade e planejamento</b></p><ul><li>Elementos ArchiMate: GitHub Actions CI; Docker Engine; Azure VM (B-series); Azure VNet</li><li>Requisitos de qualidade: REQ-02: Disponibilidade ≥ 99%</li><li>Épico: [EP-01] Fundação de dados e plataforma</li><li>Esforço total: 18 pontos. Prioridade: Must (Priority 1)</li></ul><p><b>Critérios de Pronto (DoD da Feature)</b></p><ol><li>Todos os PBIs filhos em Done ou movidos explicitamente pelo Product Owner.</li><li>Fluxo ponta a ponta da feature demonstrado em ambiente integrado.</li><li>Critérios de aceite da feature verificados na Sprint Review.</li><li>Documentação e diagramas afetados atualizados (README, wiki, views ArchiMate).</li></ol><p><i>Chave de rastreio FT-01.2, gerada a partir de forward-docs/academic/qa/sprint3/backlog.json.</i></p>","<p><b>Funcionalidade:</b> Da main ao ambiente</p><p><b>Cenário 1: Versão validada após o deploy</b> <i>(caminho feliz)</i><br>&nbsp;&nbsp;<b>Dado</b> um merge na main com CI verde<br>&nbsp;&nbsp;<b>Quando</b> o deploy é executado<br>&nbsp;&nbsp;<b>Então</b> a nova versão fica disponível e é validada por smoke test</p><p><b>Cenário 2: Build quebrado não é implantado</b> <i>(erro)</i><br>&nbsp;&nbsp;<b>Dado</b> um build com testes falhando<br>&nbsp;&nbsp;<b>Quando</b> o deploy é disparado<br>&nbsp;&nbsp;<b>Então</b> a versão não é publicada</p>"
"","Product Backlog Item","","","[PBI-001] Setup do time: papéis Scrum, organização GitHub, repositórios e CI mínimo","","1","8","85","","","ForwardService\Sprint 1","fwd-import; MoSCoW:Must; Frente:Infra; ArchiMate:GitHub Actions CI; ArchiMate:Equipe ForwardService; REQ-02","<p><b>História de usuário</b><br>Como <b>Desenvolvedor da Equipe ForwardService</b>, quero <b>uma organização GitHub com os seis repositórios, templates de PR e CI mínimo</b>, para <b>trabalharmos em paralelo com rastreabilidade e revisão obrigatória</b>.</p><p><b>Contexto técnico</b><br>Organização fwd-ford com forward-api-java, forward-ml, forward-mobile, forward-web, forward-infra e forward-docs; CODEOWNERS, Dependabot e workflows reutilizáveis no repositório .github. Papéis Scrum: Product Owner Rodrigo, Scrum Master e líder técnico Jota, time de desenvolvimento com os quatro integrantes.</p><p><b>Planejamento</b></p><ul><li>Sprint: Sprint 1 (02/03/2026 a 19/04/2026)</li><li>Prioridade: Must (MoSCoW) = Priority 1</li><li>Esforço: 8 pontos (Planning Poker, Fibonacci). Valor de negócio: 85</li><li>Responsável: João Victor Franco</li><li>Ordem de implementação no backlog: 1º</li><li>Predecessoras: nenhuma</li></ul><p><b>Rastreabilidade TOGAF/ArchiMate</b></p><ul><li>Elementos ArchiMate: GitHub Actions CI; Equipe ForwardService</li><li>Requisitos de qualidade: REQ-02: Disponibilidade ≥ 99%</li><li>Feature: [FT-01.2] Esteira CI/CD, ambientes e hospedagem. Épico: [EP-01] Fundação de dados e plataforma</li></ul><p><b>Critérios de Pronto (DoD)</b></p><ol><li>Todos os cenários Gherkin do critério de aceite verificados e evidenciados (teste automatizado, relatório ou roteiro com prints).</li><li>Código ou artefato revisado em pull request aprovado por outro integrante (CODEOWNERS) e integrado à branch main.</li><li>Pipeline de CI verde: build, testes, lint e verificações de segurança (SAST, SCA e secret scan).</li><li>Testes automatizados para o caminho feliz e para os cenários de erro sempre que o item envolve código.</li><li>Nenhuma vulnerabilidade High/Critical aberta sem aceite formal, nenhum segredo commitado e dados pessoais tratados conforme a LGPD (REQ-05).</li><li>Requisitos de qualidade aplicáveis (REQ-01 a REQ-07) atendidos e medidos.</li><li>Documentação atualizada (README, OpenAPI, wiki ou model card) e rastreabilidade ArchiMate mantida nas tags.</li><li>Demonstrado ao Product Owner na Sprint Review e estado atualizado para Done no Azure Boards.</li><li>Seis repositórios criados com README, CODEOWNERS e Dependabot.</li><li>Workflows reutilizáveis publicados em fwd-ford/.github.</li><li>Papéis Scrum registrados no forward-sprints.</li></ol><p><b>Evidência de entrega</b><br>fwd-ford/.github (workflows reutilizáveis) e CODEOWNERS em todos os repositórios.</p><p><i>Chave de rastreio PBI-001, gerada a partir de forward-docs/academic/qa/sprint3/backlog.json.</i></p>","<p><b>Funcionalidade:</b> Governança de repositórios do time</p><p><b>Cenário 1: PR com revisão e CI verde é integrado</b> <i>(caminho feliz)</i><br>&nbsp;&nbsp;<b>Dado</b> um repositório da organização fwd-ford com a branch main protegida<br>&nbsp;&nbsp;<b>E</b> um pull request com todos os checks de CI concluídos com sucesso<br>&nbsp;&nbsp;<b>Quando</b> um integrante listado no CODEOWNERS aprova a revisão<br>&nbsp;&nbsp;<b>Então</b> o merge na main é permitido<br>&nbsp;&nbsp;<b>E</b> o histórico registra autor, revisor e checks executados</p><p><b>Cenário 2: Push direto na main é bloqueado</b> <i>(erro)</i><br>&nbsp;&nbsp;<b>Dado</b> a regra de proteção da branch main ativa<br>&nbsp;&nbsp;<b>Quando</b> um integrante tenta fazer push direto na main<br>&nbsp;&nbsp;<b>Então</b> o GitHub rejeita o push<br>&nbsp;&nbsp;<b>E</b> orienta a abertura de um pull request</p><p><b>Cenário 3: CI falhando impede o merge</b> <i>(caso de borda)</i><br>&nbsp;&nbsp;<b>Dado</b> um pull request cujo job de lint ou build falhou<br>&nbsp;&nbsp;<b>Quando</b> o autor tenta concluir o merge<br>&nbsp;&nbsp;<b>Então</b> o merge permanece bloqueado até o check ficar verde</p>"
"","Product Backlog Item","","","[PBI-033] Deploy de demonstração com Docker Compose e smoke test pós-deploy","","1","5","80","","","ForwardService\Sprint 4","fwd-import; MoSCoW:Must; Frente:Infra; ArchiMate:Docker Engine; ArchiMate:forward-api-java.jar; ArchiMate:HTTPS / TLS 1.2+; REQ-02","<p><b>História de usuário</b><br>Como <b>Banca avaliadora FIAP x Ford</b>, quero <b>um ambiente de demonstração estável acessível pela internet</b>, para <b>testar app e API no dia da apresentação</b>.</p><p><b>Contexto técnico</b><br>Imagem Docker da forward-api-java com o perfil demo, HTTPS na borda e smoke test automático após o deploy (health, login e leads).</p><p><b>Planejamento</b></p><ul><li>Sprint: Sprint 4 (28/09/2026 a 11/10/2026)</li><li>Prioridade: Must (MoSCoW) = Priority 1</li><li>Esforço: 5 pontos (Planning Poker, Fibonacci). Valor de negócio: 80</li><li>Responsável: Ruan Melo Vieira</li><li>Ordem de implementação no backlog: 33º</li><li>Predecessoras: PBI-017 Perfil demo autocontido (H2 + seed) substituindo o Supabase removido; PBI-027 Pipeline DevSecOps no GitHub Actions</li></ul><p><b>Rastreabilidade TOGAF/ArchiMate</b></p><ul><li>Elementos ArchiMate: Docker Engine; forward-api-java.jar; HTTPS / TLS 1.2+</li><li>Requisitos de qualidade: REQ-02: Disponibilidade ≥ 99%</li><li>Feature: [FT-01.2] Esteira CI/CD, ambientes e hospedagem. Épico: [EP-01] Fundação de dados e plataforma</li></ul><p><b>Critérios de Pronto (DoD)</b></p><ol><li>Todos os cenários Gherkin do critério de aceite verificados e evidenciados (teste automatizado, relatório ou roteiro com prints).</li><li>Código ou artefato revisado em pull request aprovado por outro integrante (CODEOWNERS) e integrado à branch main.</li><li>Pipeline de CI verde: build, testes, lint e verificações de segurança (SAST, SCA e secret scan).</li><li>Testes automatizados para o caminho feliz e para os cenários de erro sempre que o item envolve código.</li><li>Nenhuma vulnerabilidade High/Critical aberta sem aceite formal, nenhum segredo commitado e dados pessoais tratados conforme a LGPD (REQ-05).</li><li>Requisitos de qualidade aplicáveis (REQ-01 a REQ-07) atendidos e medidos.</li><li>Documentação atualizada (README, OpenAPI, wiki ou model card) e rastreabilidade ArchiMate mantida nas tags.</li><li>Demonstrado ao Product Owner na Sprint Review e estado atualizado para Done no Azure Boards.</li><li>URL de demonstração no README.</li><li>Segredos apenas em variáveis do provedor.</li></ol><p><i>Chave de rastreio PBI-033, gerada a partir de forward-docs/academic/qa/sprint3/backlog.json.</i></p>","<p><b>Funcionalidade:</b> Ambiente de demonstração</p><p><b>Cenário 1: Deploy verificado</b> <i>(caminho feliz)</i><br>&nbsp;&nbsp;<b>Dado</b> uma nova versão integrada à main<br>&nbsp;&nbsp;<b>Quando</b> o deploy termina<br>&nbsp;&nbsp;<b>Então</b> o smoke test valida /health, o login e GET /api/v1/leads com sucesso</p><p><b>Cenário 2: Smoke test falha</b> <i>(erro)</i><br>&nbsp;&nbsp;<b>Dado</b> um deploy em que o login retorna 500<br>&nbsp;&nbsp;<b>Quando</b> o smoke test roda<br>&nbsp;&nbsp;<b>Então</b> a versão anterior é mantida<br>&nbsp;&nbsp;<b>E</b> o time é notificado</p>"
"","Product Backlog Item","","","[PBI-042] Hospedagem na Azure VM com Docker e VNet","","2","5","65","","","ForwardService\Sprint 5","fwd-import; MoSCoW:Should; Frente:Infra; ArchiMate:Azure VM (B-series); ArchiMate:Azure VNet; ArchiMate:Docker Engine; ArchiMate:n8n (Docker); REQ-02","<p><b>História de usuário</b><br>Como <b>Diretor Regional da Ford</b>, quero <b>a plataforma hospedada na Azure com rede privada entre os serviços</b>, para <b>ter um piloto próximo do ambiente de produção</b>.</p><p><b>Contexto técnico</b><br>Azure VM (B-series) com Docker Engine hospedando a forward-api-java, o n8n e os jobs de ML; banco em rede privada (Azure VNet); TLS 1.2+ na borda.</p><p><b>Planejamento</b></p><ul><li>Sprint: Sprint 5 (12/10/2026 a 08/11/2026)</li><li>Prioridade: Should (MoSCoW) = Priority 2</li><li>Esforço: 5 pontos (Planning Poker, Fibonacci). Valor de negócio: 65</li><li>Responsável: Ruan Melo Vieira</li><li>Ordem de implementação no backlog: 42º</li><li>Predecessoras: PBI-033 Deploy de demonstração com Docker Compose e smoke test pós-deploy</li></ul><p><b>Rastreabilidade TOGAF/ArchiMate</b></p><ul><li>Elementos ArchiMate: Azure VM (B-series); Azure VNet; Docker Engine; n8n (Docker)</li><li>Requisitos de qualidade: REQ-02: Disponibilidade ≥ 99%</li><li>Feature: [FT-01.2] Esteira CI/CD, ambientes e hospedagem. Épico: [EP-01] Fundação de dados e plataforma</li></ul><p><b>Critérios de Pronto (DoD)</b></p><ol><li>Todos os cenários Gherkin do critério de aceite verificados e evidenciados (teste automatizado, relatório ou roteiro com prints).</li><li>Código ou artefato revisado em pull request aprovado por outro integrante (CODEOWNERS) e integrado à branch main.</li><li>Pipeline de CI verde: build, testes, lint e verificações de segurança (SAST, SCA e secret scan).</li><li>Testes automatizados para o caminho feliz e para os cenários de erro sempre que o item envolve código.</li><li>Nenhuma vulnerabilidade High/Critical aberta sem aceite formal, nenhum segredo commitado e dados pessoais tratados conforme a LGPD (REQ-05).</li><li>Requisitos de qualidade aplicáveis (REQ-01 a REQ-07) atendidos e medidos.</li><li>Documentação atualizada (README, OpenAPI, wiki ou model card) e rastreabilidade ArchiMate mantida nas tags.</li><li>Demonstrado ao Product Owner na Sprint Review e estado atualizado para Done no Azure Boards.</li><li>Custo mensal estimado dentro do crédito de US$ 100.</li></ol><p><i>Chave de rastreio PBI-042, gerada a partir de forward-docs/academic/qa/sprint3/backlog.json.</i></p>","<p><b>Funcionalidade:</b> Infraestrutura do piloto</p><p><b>Cenário 1: Serviços isolados na rede privada</b> <i>(caminho feliz)</i><br>&nbsp;&nbsp;<b>Dado</b> a VM provisionada<br>&nbsp;&nbsp;<b>Quando</b> os contêineres sobem<br>&nbsp;&nbsp;<b>Então</b> somente a API fica exposta via HTTPS<br>&nbsp;&nbsp;<b>E</b> o banco e o n8n são acessíveis apenas pela rede privada</p><p><b>Cenário 2: Porta indevida exposta</b> <i>(erro)</i><br>&nbsp;&nbsp;<b>Dado</b> uma regra de rede abrindo a porta do banco para a internet<br>&nbsp;&nbsp;<b>Quando</b> a revisão de IaC roda<br>&nbsp;&nbsp;<b>Então</b> o Trivy reprova a configuração</p>"
"","Feature","","[FT-01.1] Modelo de dados, migrations e ambiente de demonstração","","","1","11","85","","","ForwardService","fwd-import; MoSCoW:Must; ArchiMate:Supabase / PostgreSQL; ArchiMate:PostgreSQL 16; ArchiMate:Flyway migrations; REQ-02; REQ-05","<p><b>Objetivo</b><br>Entregar o modelo de dados versionado em migrations reprodutíveis e um perfil de demonstração autocontido, garantindo que API, ML e app usem o mesmo esquema.</p><p><b>Persona principal:</b> Desenvolvedor da Equipe ForwardService</p><p><b>PBIs</b></p><ul><li>[PBI-005] Schema PostgreSQL com migrations versionadas e seed sintético (Sprint 1, 8 pts, Done)</li><li>[PBI-017] Perfil demo autocontido (H2 + seed) substituindo o Supabase removido (Sprint 3, 3 pts, Done)</li></ul><p><b>Rastreabilidade e planejamento</b></p><ul><li>Elementos ArchiMate: Supabase / PostgreSQL; PostgreSQL 16; Flyway migrations</li><li>Requisitos de qualidade: REQ-02: Disponibilidade ≥ 99%; REQ-05: LGPD — dados pseudonimizados</li><li>Épico: [EP-01] Fundação de dados e plataforma</li><li>Esforço total: 11 pontos. Prioridade: Must (Priority 1)</li></ul><p><b>Critérios de Pronto (DoD da Feature)</b></p><ol><li>Todos os PBIs filhos em Done ou movidos explicitamente pelo Product Owner.</li><li>Fluxo ponta a ponta da feature demonstrado em ambiente integrado.</li><li>Critérios de aceite da feature verificados na Sprint Review.</li><li>Documentação e diagramas afetados atualizados (README, wiki, views ArchiMate).</li></ol><p><i>Chave de rastreio FT-01.1, gerada a partir de forward-docs/academic/qa/sprint3/backlog.json.</i></p>","<p><b>Funcionalidade:</b> Ambiente de dados reprodutível</p><p><b>Cenário 1: Ambiente reproduzível</b> <i>(caminho feliz)</i><br>&nbsp;&nbsp;<b>Dado</b> um clone limpo dos repositórios<br>&nbsp;&nbsp;<b>Quando</b> o desenvolvedor executa as migrations ou o perfil demo<br>&nbsp;&nbsp;<b>Então</b> obtém o mesmo esquema e os mesmos dados de exemplo sem passos manuais</p><p><b>Cenário 2: Migration fora de ordem</b> <i>(erro)</i><br>&nbsp;&nbsp;<b>Dado</b> uma migration com numeração repetida<br>&nbsp;&nbsp;<b>Quando</b> a esteira aplica as migrations<br>&nbsp;&nbsp;<b>Então</b> a execução falha antes de alterar o banco</p>"
"","Product Backlog Item","","","[PBI-005] Schema PostgreSQL com migrations versionadas e seed sintético","","1","8","85","","","ForwardService\Sprint 1","fwd-import; MoSCoW:Must; Frente:Infra; ArchiMate:Supabase / PostgreSQL; ArchiMate:PostgreSQL 16; ArchiMate:Flyway migrations; ArchiMate:Docker Engine; REQ-05","<p><b>História de usuário</b><br>Como <b>Desenvolvedor da Equipe ForwardService</b>, quero <b>o schema do banco versionado em migrations reprodutíveis com seed sintético</b>, para <b>que API, ML e app trabalhem sobre o mesmo modelo de dados</b>.</p><p><b>Contexto técnico</b><br>forward-infra com docker-compose, migrations numeradas e seed de VINs sintéticos; tabelas de clientes, veículos, eventos de serviço, scores e leads.</p><p><b>Planejamento</b></p><ul><li>Sprint: Sprint 1 (02/03/2026 a 19/04/2026)</li><li>Prioridade: Must (MoSCoW) = Priority 1</li><li>Esforço: 8 pontos (Planning Poker, Fibonacci). Valor de negócio: 85</li><li>Responsável: Ruan Melo Vieira</li><li>Ordem de implementação no backlog: 5º</li><li>Predecessoras: PBI-001 Setup do time: papéis Scrum, organização GitHub, repositórios e CI mínimo; PBI-004 Solution Design e arquitetura-alvo com decisões registradas (ADRs)</li></ul><p><b>Rastreabilidade TOGAF/ArchiMate</b></p><ul><li>Elementos ArchiMate: Supabase / PostgreSQL; PostgreSQL 16; Flyway migrations; Docker Engine</li><li>Requisitos de qualidade: REQ-05: LGPD — dados pseudonimizados</li><li>Feature: [FT-01.1] Modelo de dados, migrations e ambiente de demonstração. Épico: [EP-01] Fundação de dados e plataforma</li></ul><p><b>Critérios de Pronto (DoD)</b></p><ol><li>Todos os cenários Gherkin do critério de aceite verificados e evidenciados (teste automatizado, relatório ou roteiro com prints).</li><li>Código ou artefato revisado em pull request aprovado por outro integrante (CODEOWNERS) e integrado à branch main.</li><li>Pipeline de CI verde: build, testes, lint e verificações de segurança (SAST, SCA e secret scan).</li><li>Testes automatizados para o caminho feliz e para os cenários de erro sempre que o item envolve código.</li><li>Nenhuma vulnerabilidade High/Critical aberta sem aceite formal, nenhum segredo commitado e dados pessoais tratados conforme a LGPD (REQ-05).</li><li>Requisitos de qualidade aplicáveis (REQ-01 a REQ-07) atendidos e medidos.</li><li>Documentação atualizada (README, OpenAPI, wiki ou model card) e rastreabilidade ArchiMate mantida nas tags.</li><li>Demonstrado ao Product Owner na Sprint Review e estado atualizado para Done no Azure Boards.</li><li>README de setup local no forward-infra.</li><li>Migrations numeradas e revisadas.</li></ol><p><b>Evidência de entrega</b><br>fwd-ford/forward-infra (supabase/migrations e seed).</p><p><i>Chave de rastreio PBI-005, gerada a partir de forward-docs/academic/qa/sprint3/backlog.json.</i></p>","<p><b>Funcionalidade:</b> Banco de dados versionado</p><p><b>Cenário 1: Ambiente limpo sobe com dados</b> <i>(caminho feliz)</i><br>&nbsp;&nbsp;<b>Dado</b> um banco PostgreSQL vazio<br>&nbsp;&nbsp;<b>Quando</b> as migrations e o seed são executados<br>&nbsp;&nbsp;<b>Então</b> todas as tabelas são criadas na ordem correta<br>&nbsp;&nbsp;<b>E</b> existem pelo menos 100 VINs sintéticos para desenvolvimento</p><p><b>Cenário 2: Migration reaplicada não duplica</b> <i>(erro)</i><br>&nbsp;&nbsp;<b>Dado</b> um banco já migrado<br>&nbsp;&nbsp;<b>Quando</b> as migrations são executadas novamente<br>&nbsp;&nbsp;<b>Então</b> nenhuma tabela ou registro é duplicado</p><p><b>Cenário 3: Documento do cliente não fica em claro</b> <i>(caso de borda)</i><br>&nbsp;&nbsp;<b>Dado</b> o seed de clientes<br>&nbsp;&nbsp;<b>Quando</b> os dados são inseridos<br>&nbsp;&nbsp;<b>Então</b> o documento do cliente é armazenado apenas como hash</p>"
"","Product Backlog Item","","","[PBI-017] Perfil demo autocontido (H2 + seed) substituindo o Supabase removido","","1","3","85","","","ForwardService\Sprint 3","fwd-import; MoSCoW:Must; Frente:SOA; ArchiMate:forward-api-java; ArchiMate:Supabase / PostgreSQL; ArchiMate:Flyway migrations; REQ-02","<p><b>História de usuário</b><br>Como <b>Banca avaliadora FIAP x Ford</b>, quero <b>executar a API com um único comando e dados de demonstração</b>, para <b>avaliar a solução mesmo sem o projeto Supabase antigo, que foi removido</b>.</p><p><b>Contexto técnico</b><br>Perfil Spring demo com H2 em memória, migrations compatíveis e seed com concessionárias, clientes, veículos, leads e usuários de teste por papel.</p><p><b>Planejamento</b></p><ul><li>Sprint: Sprint 3 (03/08/2026 a 27/09/2026)</li><li>Prioridade: Must (MoSCoW) = Priority 1</li><li>Esforço: 3 pontos (Planning Poker, Fibonacci). Valor de negócio: 85</li><li>Responsável: Ruan Melo Vieira</li><li>Ordem de implementação no backlog: 17º</li><li>Predecessoras: PBI-009 API REST em camadas: veículos, clientes, scores e leads</li></ul><p><b>Rastreabilidade TOGAF/ArchiMate</b></p><ul><li>Elementos ArchiMate: forward-api-java; Supabase / PostgreSQL; Flyway migrations</li><li>Requisitos de qualidade: REQ-02: Disponibilidade ≥ 99%</li><li>Feature: [FT-01.1] Modelo de dados, migrations e ambiente de demonstração. Épico: [EP-01] Fundação de dados e plataforma</li></ul><p><b>Critérios de Pronto (DoD)</b></p><ol><li>Todos os cenários Gherkin do critério de aceite verificados e evidenciados (teste automatizado, relatório ou roteiro com prints).</li><li>Código ou artefato revisado em pull request aprovado por outro integrante (CODEOWNERS) e integrado à branch main.</li><li>Pipeline de CI verde: build, testes, lint e verificações de segurança (SAST, SCA e secret scan).</li><li>Testes automatizados para o caminho feliz e para os cenários de erro sempre que o item envolve código.</li><li>Nenhuma vulnerabilidade High/Critical aberta sem aceite formal, nenhum segredo commitado e dados pessoais tratados conforme a LGPD (REQ-05).</li><li>Requisitos de qualidade aplicáveis (REQ-01 a REQ-07) atendidos e medidos.</li><li>Documentação atualizada (README, OpenAPI, wiki ou model card) e rastreabilidade ArchiMate mantida nas tags.</li><li>Demonstrado ao Product Owner na Sprint Review e estado atualizado para Done no Azure Boards.</li><li>Nenhuma credencial real no seed.</li><li>Perfil padrão de produção inalterado.</li></ol><p><i>Chave de rastreio PBI-017, gerada a partir de forward-docs/academic/qa/sprint3/backlog.json.</i></p>","<p><b>Funcionalidade:</b> Demonstração autocontida</p><p><b>Cenário 1: Subir sem dependências externas</b> <i>(caminho feliz)</i><br>&nbsp;&nbsp;<b>Dado</b> um computador com apenas o Java 17 instalado<br>&nbsp;&nbsp;<b>Quando</b> o avaliador executa a API com o perfil demo<br>&nbsp;&nbsp;<b>Então</b> a API sobe sem banco externo<br>&nbsp;&nbsp;<b>E</b> GET /health responde 200</p><p><b>Cenário 2: Dados prontos para a demonstração</b> <i>(caminho feliz)</i><br>&nbsp;&nbsp;<b>Dado</b> a API em execução no perfil demo<br>&nbsp;&nbsp;<b>Quando</b> o avaliador faz login com um usuário de teste<br>&nbsp;&nbsp;<b>Então</b> a lista de leads já vem populada com dados fictícios</p><p><b>Cenário 3: Reinício restaura o estado inicial</b> <i>(caso de borda)</i><br>&nbsp;&nbsp;<b>Dado</b> alterações feitas durante a demonstração<br>&nbsp;&nbsp;<b>Quando</b> a API é reiniciada<br>&nbsp;&nbsp;<b>Então</b> o banco em memória volta ao seed original</p>"
"","Task","","","","[TSK-3.01] Criar perfil demo com H2 em memória e migrations compatíveis","1","","","0","Development","ForwardService\Sprint 3","fwd-import; Frente:SOA","<p>Adicionar application-demo.yml com H2 em modo PostgreSQL e ajustar as migrations para rodarem nos dois bancos.</p><ul><li>Atividade: Development</li><li>Estimativa: 4 h. Restante: 0 h. Complexidade: 2 pontos (Fibonacci)</li><li>Responsável: Ruan Melo Vieira</li><li>Predecessoras técnicas: nenhuma</li><li>PBI: [PBI-017] Perfil demo autocontido (H2 + seed) substituindo o Supabase removido</li></ul><p><b>Critérios de Pronto da tarefa</b></p><ol><li>Trabalho commitado em branch vinculada ao PBI e revisado por outro integrante.</li><li>Remaining Work zerado e estado Done no taskboard.</li><li>Evidência registrada no PBI quando a tarefa é de teste ou de documentação.</li></ol><p><i>Chave de rastreio TSK-3.01, gerada a partir de forward-docs/academic/qa/sprint3/backlog.json.</i></p>",""
"","Task","","","","[TSK-3.02] Seed de demonstração com concessionárias, clientes, veículos, leads e usuários por papel","1","","","0","Development","ForwardService\Sprint 3","fwd-import; Frente:SOA","<p>Carregar dados fictícios coerentes (sem PII real) e um usuário de teste por papel: ATENDENTE, GESTOR e ADMIN.</p><ul><li>Atividade: Development</li><li>Estimativa: 3 h. Restante: 0 h. Complexidade: 2 pontos (Fibonacci)</li><li>Responsável: Ruan Melo Vieira</li><li>Predecessoras técnicas: TSK-3.01 Criar perfil demo com H2 em memória e migrations compatíveis</li><li>PBI: [PBI-017] Perfil demo autocontido (H2 + seed) substituindo o Supabase removido</li></ul><p><b>Critérios de Pronto da tarefa</b></p><ol><li>Trabalho commitado em branch vinculada ao PBI e revisado por outro integrante.</li><li>Remaining Work zerado e estado Done no taskboard.</li><li>Evidência registrada no PBI quando a tarefa é de teste ou de documentação.</li></ol><p><i>Chave de rastreio TSK-3.02, gerada a partir de forward-docs/academic/qa/sprint3/backlog.json.</i></p>",""
"","Epic","[EP-08] Governança de produto, qualidade e entregas","","","","1","47","80","","","ForwardService","fwd-import; MoSCoW:Must; ArchiMate:Ford Brasil (Diretoria); ArchiMate:Equipe ForwardService; ArchiMate:Aumentar VIN Share; ArchiMate:ForwardService.archimate; ArchiMate:PITCH.pptx; ArchiMate:VIDEO_PITCH.mp4; ArchiMate:Sprint 1 — Entrega 24/05/2026","<p><b>Objetivo</b><br>Descoberta, arquitetura TOGAF, planejamento Scrum no Azure DevOps, garantia de qualidade com BDD e entregas acadêmicas.</p><p><b>Hipótese de valor</b><br>Se o plano for rastreável da motivação (ArchiMate) até a tarefa, então o time entrega o que gera valor e a banca audita cada decisão, medido por 100% dos PBIs com BDD e DoD e entregas no prazo.</p><p><b>Métricas de sucesso</b></p><ul><li>100% dos PBIs com critérios BDD e DoD.</li><li>Entregas nas datas das sprints.</li><li>Velocidade estável, com variação de até 20% entre sprints.</li></ul><p><b>Features</b></p><ul><li>[FT-08.1] Descoberta, visão e arquitetura do produto (26 pts, Done)</li><li>[FT-08.2] Planejamento ágil e garantia da qualidade (10 pts, In Progress)</li><li>[FT-08.3] Entrega final do Challenge (11 pts, New)</li></ul><p><b>Rastreabilidade e planejamento</b></p><ul><li>Pilar: Governança (Motivation e Implementation)</li><li>Elementos ArchiMate: Ford Brasil (Diretoria); Equipe ForwardService; Aumentar VIN Share; ForwardService.archimate; PITCH.pptx; VIDEO_PITCH.mp4; Sprint 1 — Entrega 24/05/2026</li><li>Requisitos de qualidade: nenhum específico</li><li>Esforço total: 47 pontos. Prioridade: Must (Priority 1)</li></ul><p><b>Critérios de Pronto (DoD do Épico)</b></p><ol><li>Features necessárias em Done; as remanescentes repriorizadas pelo Product Owner.</li><li>Métricas de sucesso do épico medidas e registradas na wiki.</li><li>Views ArchiMate atualizadas quando a arquitetura mudou.</li><li>Resultado apresentado aos stakeholders (banca FIAP x Ford) e lições registradas na retrospectiva.</li></ol><p><i>Chave de rastreio EP-08, gerada a partir de forward-docs/academic/qa/sprint3/backlog.json.</i></p>","<p><b>Critérios de aceite do épico</b></p><ul><li>Backlog, release plan e sprint atual publicados no Azure DevOps.</li><li>Artefatos TOGAF/ArchiMate coerentes com o backlog.</li><li>Entrega final aceita pela banca.</li></ul>"
"","Feature","","[FT-08.1] Descoberta, visão e arquitetura do produto","","","1","26","80","","","ForwardService","fwd-import; MoSCoW:Must; ArchiMate:Ford Brasil (Diretoria); ArchiMate:Aumentar VIN Share; ArchiMate:ForwardService.archimate","<p><b>Objetivo</b><br>Pesquisa, Base Fundacional, Solution Design e artefatos de negócio e arquitetura (Pitch, Canvas, Quadro de Valor e TOGAF/ArchiMate).</p><p><b>Persona principal:</b> Product Owner</p><p><b>PBIs</b></p><ul><li>[PBI-002] Pesquisa de mercado e validação de hipóteses (30 pesquisas) (Sprint 1, 8 pts, Done)</li><li>[PBI-003] Base Fundacional: tese, 4 pilares, 9 lógicas de negócio e personas (Sprint 1, 5 pts, Done)</li><li>[PBI-004] Solution Design e arquitetura-alvo com decisões registradas (ADRs) (Sprint 1, 5 pts, Done)</li><li>[PBI-016] Pitch, Canvas, Quadro de Valor e arquitetura TOGAF/ArchiMate (Sprint 2, 8 pts, Done)</li></ul><p><b>Rastreabilidade e planejamento</b></p><ul><li>Elementos ArchiMate: Ford Brasil (Diretoria); Aumentar VIN Share; ForwardService.archimate</li><li>Requisitos de qualidade: nenhum específico</li><li>Épico: [EP-08] Governança de produto, qualidade e entregas</li><li>Esforço total: 26 pontos. Prioridade: Must (Priority 1)</li></ul><p><b>Critérios de Pronto (DoD da Feature)</b></p><ol><li>Todos os PBIs filhos em Done ou movidos explicitamente pelo Product Owner.</li><li>Fluxo ponta a ponta da feature demonstrado em ambiente integrado.</li><li>Critérios de aceite da feature verificados na Sprint Review.</li><li>Documentação e diagramas afetados atualizados (README, wiki, views ArchiMate).</li></ol><p><i>Chave de rastreio FT-08.1, gerada a partir de forward-docs/academic/qa/sprint3/backlog.json.</i></p>","<p><b>Funcionalidade:</b> Decisão rastreável</p><p><b>Cenário 1: Item justificado pela motivação</b> <i>(caminho feliz)</i><br>&nbsp;&nbsp;<b>Dado</b> qualquer item do backlog<br>&nbsp;&nbsp;<b>Quando</b> a banca pergunta por que ele existe<br>&nbsp;&nbsp;<b>Então</b> há um driver, objetivo ou requisito do ArchiMate que o justifica</p><p><b>Cenário 2: Item sem justificativa</b> <i>(erro)</i><br>&nbsp;&nbsp;<b>Dado</b> um item sem vínculo com a Motivation View<br>&nbsp;&nbsp;<b>Quando</b> o PO revisa o backlog<br>&nbsp;&nbsp;<b>Então</b> o item é removido ou reclassificado como Won't</p>"
"","Product Backlog Item","","","[PBI-002] Pesquisa de mercado e validação de hipóteses (30 pesquisas)","","1","8","80","","","ForwardService\Sprint 1","fwd-import; MoSCoW:Must; Frente:Produto; ArchiMate:Churn pós-garantia; ArchiMate:VIN Share baixo; ArchiMate:Frota descontinuada; ArchiMate:3.4M Recalls pendentes","<p><b>História de usuário</b><br>Como <b>Product Owner</b>, quero <b>consolidar 30 pesquisas com fontes verificáveis sobre churn pós-garantia e VIN Share</b>, para <b>decidir o escopo com base em evidências e não em suposições</b>.</p><p><b>Contexto técnico</b><br>Mapa de pesquisa (DOC 01) e resultados (DOC 02). Os achados alimentam os drivers da Motivation View: Churn pós-garantia, VIN Share baixo, 3,4M Recalls pendentes e Frota descontinuada.</p><p><b>Planejamento</b></p><ul><li>Sprint: Sprint 1 (02/03/2026 a 19/04/2026)</li><li>Prioridade: Must (MoSCoW) = Priority 1</li><li>Esforço: 8 pontos (Planning Poker, Fibonacci). Valor de negócio: 80</li><li>Responsável: Rodrigo César Jimenez</li><li>Ordem de implementação no backlog: 2º</li><li>Predecessoras: nenhuma</li></ul><p><b>Rastreabilidade TOGAF/ArchiMate</b></p><ul><li>Elementos ArchiMate: Churn pós-garantia; VIN Share baixo; Frota descontinuada; 3,4M Recalls pendentes</li><li>Requisitos de qualidade: nenhum específico</li><li>Feature: [FT-08.1] Descoberta, visão e arquitetura do produto. Épico: [EP-08] Governança de produto, qualidade e entregas</li></ul><p><b>Critérios de Pronto (DoD)</b></p><ol><li>Todos os cenários Gherkin do critério de aceite verificados e evidenciados (teste automatizado, relatório ou roteiro com prints).</li><li>Código ou artefato revisado em pull request aprovado por outro integrante (CODEOWNERS) e integrado à branch main.</li><li>Pipeline de CI verde: build, testes, lint e verificações de segurança (SAST, SCA e secret scan).</li><li>Testes automatizados para o caminho feliz e para os cenários de erro sempre que o item envolve código.</li><li>Nenhuma vulnerabilidade High/Critical aberta sem aceite formal, nenhum segredo commitado e dados pessoais tratados conforme a LGPD (REQ-05).</li><li>Requisitos de qualidade aplicáveis (REQ-01 a REQ-07) atendidos e medidos.</li><li>Documentação atualizada (README, OpenAPI, wiki ou model card) e rastreabilidade ArchiMate mantida nas tags.</li><li>Demonstrado ao Product Owner na Sprint Review e estado atualizado para Done no Azure Boards.</li><li>30 pesquisas com status concluído no DOC 01.</li><li>Resultados consolidados no DOC 02 com referências.</li></ol><p><b>Evidência de entrega</b><br>forward-docs/project/01_MAPA_DE_PESQUISA.md e 02_RESULTADOS_DA_PESQUISA.md.</p><p><i>Chave de rastreio PBI-002, gerada a partir de forward-docs/academic/qa/sprint3/backlog.json.</i></p>","<p><b>Funcionalidade:</b> Base de evidências do problema da Ford</p><p><b>Cenário 1: Hipótese validada com fonte</b> <i>(caminho feliz)</i><br>&nbsp;&nbsp;<b>Dado</b> uma hipótese de negócio do mapa de pesquisa<br>&nbsp;&nbsp;<b>Quando</b> a pesquisa correspondente é concluída<br>&nbsp;&nbsp;<b>Então</b> o resultado registra ao menos uma fonte verificável<br>&nbsp;&nbsp;<b>E</b> a conclusão indica se a hipótese foi confirmada, refutada ou ajustada</p><p><b>Cenário 2: Afirmação sem fonte não sustenta decisão</b> <i>(erro)</i><br>&nbsp;&nbsp;<b>Dado</b> uma afirmação sem fonte verificável<br>&nbsp;&nbsp;<b>Quando</b> o time revisa o DOC 02<br>&nbsp;&nbsp;<b>Então</b> a afirmação é marcada como não validada<br>&nbsp;&nbsp;<b>E</b> não pode ser usada para justificar escopo</p>"
"","Product Backlog Item","","","[PBI-003] Base Fundacional: tese, 4 pilares, 9 lógicas de negócio e personas","","1","5","75","","","ForwardService\Sprint 1","fwd-import; MoSCoW:Must; Frente:Produto; ArchiMate:Aumentar VIN Share; ArchiMate:Reduzir churn pós-venda; ArchiMate:ROI mensurável; ArchiMate:Escalar cobertura","<p><b>História de usuário</b><br>Como <b>Product Owner</b>, quero <b>uma base fundacional com tese, pilares, lógicas de negócio e personas</b>, para <b>que todas as disciplinas construam a mesma solução</b>.</p><p><b>Contexto técnico</b><br>O DOC 00 define Intelligence Hub, Action Engine, Experience Layer e Performance Console, as lógicas LN1 a LN9 e o mapa de personas (Atendente, Gerente de Serviço, Diretor Regional e clientes).</p><p><b>Planejamento</b></p><ul><li>Sprint: Sprint 1 (02/03/2026 a 19/04/2026)</li><li>Prioridade: Must (MoSCoW) = Priority 1</li><li>Esforço: 5 pontos (Planning Poker, Fibonacci). Valor de negócio: 75</li><li>Responsável: João Victor Franco</li><li>Ordem de implementação no backlog: 3º</li><li>Predecessoras: PBI-002 Pesquisa de mercado e validação de hipóteses (30 pesquisas)</li></ul><p><b>Rastreabilidade TOGAF/ArchiMate</b></p><ul><li>Elementos ArchiMate: Aumentar VIN Share; Reduzir churn pós-venda; ROI mensurável; Escalar cobertura</li><li>Requisitos de qualidade: nenhum específico</li><li>Feature: [FT-08.1] Descoberta, visão e arquitetura do produto. Épico: [EP-08] Governança de produto, qualidade e entregas</li></ul><p><b>Critérios de Pronto (DoD)</b></p><ol><li>Todos os cenários Gherkin do critério de aceite verificados e evidenciados (teste automatizado, relatório ou roteiro com prints).</li><li>Código ou artefato revisado em pull request aprovado por outro integrante (CODEOWNERS) e integrado à branch main.</li><li>Pipeline de CI verde: build, testes, lint e verificações de segurança (SAST, SCA e secret scan).</li><li>Testes automatizados para o caminho feliz e para os cenários de erro sempre que o item envolve código.</li><li>Nenhuma vulnerabilidade High/Critical aberta sem aceite formal, nenhum segredo commitado e dados pessoais tratados conforme a LGPD (REQ-05).</li><li>Requisitos de qualidade aplicáveis (REQ-01 a REQ-07) atendidos e medidos.</li><li>Documentação atualizada (README, OpenAPI, wiki ou model card) e rastreabilidade ArchiMate mantida nas tags.</li><li>Demonstrado ao Product Owner na Sprint Review e estado atualizado para Done no Azure Boards.</li><li>DOC 00 versionado no forward-docs.</li><li>Personas e dores publicadas.</li></ol><p><b>Evidência de entrega</b><br>forward-docs/project/00_BASE_FUNDACIONAL.md.</p><p><i>Chave de rastreio PBI-003, gerada a partir de forward-docs/academic/qa/sprint3/backlog.json.</i></p>","<p><b>Funcionalidade:</b> Visão compartilhada do produto</p><p><b>Cenário 1: Lógica de negócio rastreada até um pilar</b> <i>(caminho feliz)</i><br>&nbsp;&nbsp;<b>Dado</b> a lista de lógicas LN1 a LN9<br>&nbsp;&nbsp;<b>Quando</b> o time consulta o DOC 00<br>&nbsp;&nbsp;<b>Então</b> cada lógica aponta o pilar responsável e a persona beneficiada</p><p><b>Cenário 2: Documento posterior contradiz a base</b> <i>(caso de borda)</i><br>&nbsp;&nbsp;<b>Dado</b> um documento posterior que contradiz a Base Fundacional<br>&nbsp;&nbsp;<b>Quando</b> o conflito é identificado na revisão<br>&nbsp;&nbsp;<b>Então</b> a Base Fundacional é revisada explicitamente antes da decisão</p>"
"","Product Backlog Item","","","[PBI-004] Solution Design e arquitetura-alvo com decisões registradas (ADRs)","","1","5","75","","","ForwardService\Sprint 1","fwd-import; MoSCoW:Must; Frente:Produto; ArchiMate:SOA — Portão Único; ArchiMate:forward-api-java; ArchiMate:forward-ml; ArchiMate:forward-mobile; ArchiMate:forward-web; ArchiMate:n8n (Action Engine); ArchiMate:Supabase / PostgreSQL","<p><b>História de usuário</b><br>Como <b>Desenvolvedor da Equipe ForwardService</b>, quero <b>uma arquitetura-alvo com responsabilidades e contratos entre componentes</b>, para <b>delegar partes do código sem quebrar integrações</b>.</p><p><b>Contexto técnico</b><br>O DOC 03 define o portão único (forward-api-java), quem fala com quem, o modelo de dados e as ADRs (por exemplo ADR-003 app dual-mode e ADR-007 n8n como Action Engine).</p><p><b>Planejamento</b></p><ul><li>Sprint: Sprint 1 (02/03/2026 a 19/04/2026)</li><li>Prioridade: Must (MoSCoW) = Priority 1</li><li>Esforço: 5 pontos (Planning Poker, Fibonacci). Valor de negócio: 75</li><li>Responsável: João Victor Franco</li><li>Ordem de implementação no backlog: 4º</li><li>Predecessoras: PBI-003 Base Fundacional: tese, 4 pilares, 9 lógicas de negócio e personas</li></ul><p><b>Rastreabilidade TOGAF/ArchiMate</b></p><ul><li>Elementos ArchiMate: SOA — Portão Único; forward-api-java; forward-ml; forward-mobile; forward-web; n8n (Action Engine); Supabase / PostgreSQL</li><li>Requisitos de qualidade: nenhum específico</li><li>Feature: [FT-08.1] Descoberta, visão e arquitetura do produto. Épico: [EP-08] Governança de produto, qualidade e entregas</li></ul><p><b>Critérios de Pronto (DoD)</b></p><ol><li>Todos os cenários Gherkin do critério de aceite verificados e evidenciados (teste automatizado, relatório ou roteiro com prints).</li><li>Código ou artefato revisado em pull request aprovado por outro integrante (CODEOWNERS) e integrado à branch main.</li><li>Pipeline de CI verde: build, testes, lint e verificações de segurança (SAST, SCA e secret scan).</li><li>Testes automatizados para o caminho feliz e para os cenários de erro sempre que o item envolve código.</li><li>Nenhuma vulnerabilidade High/Critical aberta sem aceite formal, nenhum segredo commitado e dados pessoais tratados conforme a LGPD (REQ-05).</li><li>Requisitos de qualidade aplicáveis (REQ-01 a REQ-07) atendidos e medidos.</li><li>Documentação atualizada (README, OpenAPI, wiki ou model card) e rastreabilidade ArchiMate mantida nas tags.</li><li>Demonstrado ao Product Owner na Sprint Review e estado atualizado para Done no Azure Boards.</li><li>ADRs com status registrado.</li><li>Diagrama de interligação em Mermaid no DOC 03.</li></ol><p><b>Evidência de entrega</b><br>forward-docs/project/03_SOLUTION_DESIGN.md.</p><p><i>Chave de rastreio PBI-004, gerada a partir de forward-docs/academic/qa/sprint3/backlog.json.</i></p>","<p><b>Funcionalidade:</b> Arquitetura-alvo do ForwardService</p><p><b>Cenário 1: Componente com responsabilidade definida</b> <i>(caminho feliz)</i><br>&nbsp;&nbsp;<b>Dado</b> um componente da Application View<br>&nbsp;&nbsp;<b>Quando</b> o time consulta o DOC 03<br>&nbsp;&nbsp;<b>Então</b> encontra o que o componente faz, o que não faz e com quem conversa</p><p><b>Cenário 2: Acoplamento proibido é rejeitado</b> <i>(erro)</i><br>&nbsp;&nbsp;<b>Dado</b> uma proposta em que o app mobile acessa o banco diretamente<br>&nbsp;&nbsp;<b>Quando</b> ela é avaliada contra o princípio SOA — Portão Único<br>&nbsp;&nbsp;<b>Então</b> a proposta é rejeitada<br>&nbsp;&nbsp;<b>E</b> a chamada passa a ser feita pela forward-api-java</p>"
"","Product Backlog Item","","","[PBI-016] Pitch, Canvas, Quadro de Valor e arquitetura TOGAF/ArchiMate","","1","8","80","","","ForwardService\Sprint 2","fwd-import; MoSCoW:Must; Frente:QA; ArchiMate:PITCH.pptx; ArchiMate:CANVAS.pdf; ArchiMate:QUADRO_DE_VALOR.pdf; ArchiMate:ForwardService.archimate; REQ-01; REQ-02; REQ-03; REQ-04; REQ-05; REQ-06; REQ-07","<p><b>História de usuário</b><br>Como <b>Banca avaliadora FIAP x Ford</b>, quero <b>ver o problema, a proposta de valor e a arquitetura em artefatos padronizados</b>, para <b>avaliar a aderência da solução ao Desafio 02</b>.</p><p><b>Contexto técnico</b><br>PITCH.pptx, CANVAS.pdf, QUADRO_DE_VALOR.pdf e ForwardService.archimate com 6 views (Motivation, Business, Application, Technology, Requirements e Monitoring).</p><p><b>Planejamento</b></p><ul><li>Sprint: Sprint 2 (20/04/2026 a 24/05/2026)</li><li>Prioridade: Must (MoSCoW) = Priority 1</li><li>Esforço: 8 pontos (Planning Poker, Fibonacci). Valor de negócio: 80</li><li>Responsável: Rodrigo César Jimenez</li><li>Ordem de implementação no backlog: 16º</li><li>Predecessoras: PBI-004 Solution Design e arquitetura-alvo com decisões registradas (ADRs)</li></ul><p><b>Rastreabilidade TOGAF/ArchiMate</b></p><ul><li>Elementos ArchiMate: PITCH.pptx; CANVAS.pdf; QUADRO_DE_VALOR.pdf; ForwardService.archimate</li><li>Requisitos de qualidade: REQ-01: Latência API p95 &lt; 300ms; REQ-02: Disponibilidade ≥ 99%; REQ-03: AUC classificador ≥ 0,82; REQ-04: Falsos positivos churn &lt; 10%; REQ-05: LGPD — dados pseudonimizados; REQ-06: Onboarding atendente &lt; 15 min; REQ-07: Entrega WhatsApp &lt; 30s</li><li>Feature: [FT-08.1] Descoberta, visão e arquitetura do produto. Épico: [EP-08] Governança de produto, qualidade e entregas</li></ul><p><b>Critérios de Pronto (DoD)</b></p><ol><li>Todos os cenários Gherkin do critério de aceite verificados e evidenciados (teste automatizado, relatório ou roteiro com prints).</li><li>Código ou artefato revisado em pull request aprovado por outro integrante (CODEOWNERS) e integrado à branch main.</li><li>Pipeline de CI verde: build, testes, lint e verificações de segurança (SAST, SCA e secret scan).</li><li>Testes automatizados para o caminho feliz e para os cenários de erro sempre que o item envolve código.</li><li>Nenhuma vulnerabilidade High/Critical aberta sem aceite formal, nenhum segredo commitado e dados pessoais tratados conforme a LGPD (REQ-05).</li><li>Requisitos de qualidade aplicáveis (REQ-01 a REQ-07) atendidos e medidos.</li><li>Documentação atualizada (README, OpenAPI, wiki ou model card) e rastreabilidade ArchiMate mantida nas tags.</li><li>Demonstrado ao Product Owner na Sprint Review e estado atualizado para Done no Azure Boards.</li><li>Arquivo .archimate abre no Archi 4.x.</li><li>PNGs das 6 views exportados.</li></ol><p><b>Evidência de entrega</b><br>forward-docs PR #14 (QA-1 a QA-5) e academic/togaf.</p><p><i>Chave de rastreio PBI-016, gerada a partir de forward-docs/academic/qa/sprint3/backlog.json.</i></p>","<p><b>Funcionalidade:</b> Artefatos de produto e arquitetura</p><p><b>Cenário 1: Requisito de qualidade rastreado</b> <i>(caminho feliz)</i><br>&nbsp;&nbsp;<b>Dado</b> a Requirements View do modelo ArchiMate<br>&nbsp;&nbsp;<b>Quando</b> a banca escolhe um requisito entre REQ-01 e REQ-07<br>&nbsp;&nbsp;<b>Então</b> encontra o componente que o realiza e o mecanismo de monitoramento</p><p><b>Cenário 2: Benefício sem métrica</b> <i>(erro)</i><br>&nbsp;&nbsp;<b>Dado</b> um benefício do Quadro de Valor sem métrica de negócio e de qualidade<br>&nbsp;&nbsp;<b>Quando</b> o Product Owner revisa o quadro<br>&nbsp;&nbsp;<b>Então</b> o benefício volta para ajuste antes da entrega</p>"
"","Feature","","[FT-08.2] Planejamento ágil e garantia da qualidade","","","1","10","80","","","ForwardService","fwd-import; MoSCoW:Must; ArchiMate:Equipe ForwardService","<p><b>Objetivo</b><br>Plano no Azure DevOps (Scrum), critérios BDD, DoD e automação dos testes de aceite.</p><p><b>Persona principal:</b> Product Owner</p><p><b>PBIs</b></p><ul><li>[PBI-032] Plano do projeto no Azure DevOps (backlog, BDD, DoD e release) (Sprint 3, 5 pts, Committed)</li><li>[PBI-057] Automação dos critérios de aceite BDD no pipeline (Sprint 6, 5 pts, New)</li></ul><p><b>Rastreabilidade e planejamento</b></p><ul><li>Elementos ArchiMate: Equipe ForwardService</li><li>Requisitos de qualidade: nenhum específico</li><li>Épico: [EP-08] Governança de produto, qualidade e entregas</li><li>Esforço total: 10 pontos. Prioridade: Must (Priority 1)</li></ul><p><b>Critérios de Pronto (DoD da Feature)</b></p><ol><li>Todos os PBIs filhos em Done ou movidos explicitamente pelo Product Owner.</li><li>Fluxo ponta a ponta da feature demonstrado em ambiente integrado.</li><li>Critérios de aceite da feature verificados na Sprint Review.</li><li>Documentação e diagramas afetados atualizados (README, wiki, views ArchiMate).</li></ol><p><i>Chave de rastreio FT-08.2, gerada a partir de forward-docs/academic/qa/sprint3/backlog.json.</i></p>","<p><b>Funcionalidade:</b> Plano auditável</p><p><b>Cenário 1: Professor audita o plano</b> <i>(caminho feliz)</i><br>&nbsp;&nbsp;<b>Dado</b> o projeto no Azure DevOps<br>&nbsp;&nbsp;<b>Quando</b> o professor navega pelo backlog, pelas sprints e pela wiki<br>&nbsp;&nbsp;<b>Então</b> encontra hierarquia, prioridades, estimativas, dependências, release plan e o detalhamento da sprint atual</p><p><b>Cenário 2: PBI sem critério de aceite</b> <i>(erro)</i><br>&nbsp;&nbsp;<b>Dado</b> um PBI sem cenários BDD<br>&nbsp;&nbsp;<b>Quando</b> ele é proposto para a sprint<br>&nbsp;&nbsp;<b>Então</b> não atende à Definition of Ready e não entra na sprint</p>"
"","Product Backlog Item","","","[PBI-032] Plano do projeto no Azure DevOps (backlog, BDD, DoD e release)","","1","5","80","","","ForwardService\Sprint 3","fwd-import; MoSCoW:Must; Frente:QA; ArchiMate:Equipe ForwardService; ArchiMate:ForwardService.archimate","<p><b>História de usuário</b><br>Como <b>Product Owner</b>, quero <b>o backlog completo no Azure Boards com critérios BDD, DoD, prioridade, estimativas, dependências e plano de releases</b>, para <b>planejar e acompanhar as entregas com transparência para o professor</b>.</p><p><b>Contexto técnico</b><br>Estrutura épico, feature, PBI e tarefa alinhada ao ArchiMate; MoSCoW mapeado para a prioridade do Azure; Planning Poker em Fibonacci; importação automatizada e idempotente via REST API.</p><p><b>Planejamento</b></p><ul><li>Sprint: Sprint 3 (03/08/2026 a 27/09/2026)</li><li>Prioridade: Must (MoSCoW) = Priority 1</li><li>Esforço: 5 pontos (Planning Poker, Fibonacci). Valor de negócio: 80</li><li>Responsável: Rodrigo César Jimenez</li><li>Ordem de implementação no backlog: 32º</li><li>Predecessoras: PBI-016 Pitch, Canvas, Quadro de Valor e arquitetura TOGAF/ArchiMate</li></ul><p><b>Rastreabilidade TOGAF/ArchiMate</b></p><ul><li>Elementos ArchiMate: Equipe ForwardService; ForwardService.archimate</li><li>Requisitos de qualidade: nenhum específico</li><li>Feature: [FT-08.2] Planejamento ágil e garantia da qualidade. Épico: [EP-08] Governança de produto, qualidade e entregas</li></ul><p><b>Critérios de Pronto (DoD)</b></p><ol><li>Todos os cenários Gherkin do critério de aceite verificados e evidenciados (teste automatizado, relatório ou roteiro com prints).</li><li>Código ou artefato revisado em pull request aprovado por outro integrante (CODEOWNERS) e integrado à branch main.</li><li>Pipeline de CI verde: build, testes, lint e verificações de segurança (SAST, SCA e secret scan).</li><li>Testes automatizados para o caminho feliz e para os cenários de erro sempre que o item envolve código.</li><li>Nenhuma vulnerabilidade High/Critical aberta sem aceite formal, nenhum segredo commitado e dados pessoais tratados conforme a LGPD (REQ-05).</li><li>Requisitos de qualidade aplicáveis (REQ-01 a REQ-07) atendidos e medidos.</li><li>Documentação atualizada (README, OpenAPI, wiki ou model card) e rastreabilidade ArchiMate mantida nas tags.</li><li>Demonstrado ao Product Owner na Sprint Review e estado atualizado para Done no Azure Boards.</li><li>Wiki com DoD, priorização, release plan, Sprint 3, rastreabilidade e guia BDD.</li><li>Link do projeto entregue no Teams.</li></ol><p><i>Chave de rastreio PBI-032, gerada a partir de forward-docs/academic/qa/sprint3/backlog.json.</i></p>","<p><b>Funcionalidade:</b> Planejamento no Azure Boards</p><p><b>Cenário 1: Backlog importado</b> <i>(caminho feliz)</i><br>&nbsp;&nbsp;<b>Dado</b> o arquivo backlog.json validado<br>&nbsp;&nbsp;<b>Quando</b> o script de importação é executado com um PAT válido<br>&nbsp;&nbsp;<b>Então</b> épicos, features, PBIs e tarefas são criados com hierarquia, sprints e predecessoras</p><p><b>Cenário 2: Execução repetida</b> <i>(erro)</i><br>&nbsp;&nbsp;<b>Dado</b> um projeto já importado<br>&nbsp;&nbsp;<b>Quando</b> o script é executado novamente<br>&nbsp;&nbsp;<b>Então</b> nenhum item duplicado é criado</p><p><b>Cenário 3: Professor com acesso ao projeto</b> <i>(caso de borda)</i><br>&nbsp;&nbsp;<b>Dado</b> o projeto publicado<br>&nbsp;&nbsp;<b>Quando</b> o professor é convidado<br>&nbsp;&nbsp;<b>Então</b> ele tem acesso Basic à organização e é Project Administrator do projeto</p>"
"","Task","","","","[TSK-3.31] Estruturar épicos, features e PBIs rastreáveis ao ArchiMate","1","","","0","Requirements","ForwardService\Sprint 3","fwd-import; Frente:QA","<p>Derivar a hierarquia do backlog das views ArchiMate e dos checklists das disciplinas.</p><ul><li>Atividade: Requirements</li><li>Estimativa: 6 h. Restante: 0 h. Complexidade: 3 pontos (Fibonacci)</li><li>Responsável: Rodrigo César Jimenez</li><li>Predecessoras técnicas: nenhuma</li><li>PBI: [PBI-032] Plano do projeto no Azure DevOps (backlog, BDD, DoD e release)</li></ul><p><b>Critérios de Pronto da tarefa</b></p><ol><li>Trabalho commitado em branch vinculada ao PBI e revisado por outro integrante.</li><li>Remaining Work zerado e estado Done no taskboard.</li><li>Evidência registrada no PBI quando a tarefa é de teste ou de documentação.</li></ol><p><i>Chave de rastreio TSK-3.31, gerada a partir de forward-docs/academic/qa/sprint3/backlog.json.</i></p>",""
"","Task","","","","[TSK-3.32] Critérios BDD, DoD, MoSCoW e estimativas em Planning Poker","1","","","0","Requirements","ForwardService\Sprint 3","fwd-import; Frente:QA","<p>Escrever histórias e cenários Gherkin, DoR e DoD e rodar o Planning Poker com o time.</p><ul><li>Atividade: Requirements</li><li>Estimativa: 5 h. Restante: 0 h. Complexidade: 3 pontos (Fibonacci)</li><li>Responsável: Rodrigo César Jimenez</li><li>Predecessoras técnicas: TSK-3.31 Estruturar épicos, features e PBIs rastreáveis ao ArchiMate</li><li>PBI: [PBI-032] Plano do projeto no Azure DevOps (backlog, BDD, DoD e release)</li></ul><p><b>Critérios de Pronto da tarefa</b></p><ol><li>Trabalho commitado em branch vinculada ao PBI e revisado por outro integrante.</li><li>Remaining Work zerado e estado Done no taskboard.</li><li>Evidência registrada no PBI quando a tarefa é de teste ou de documentação.</li></ol><p><i>Chave de rastreio TSK-3.32, gerada a partir de forward-docs/academic/qa/sprint3/backlog.json.</i></p>",""
"","Task","","","","[TSK-3.33] Script de importação com testes em mock e publicação no Azure DevOps","1","","","2","Deployment","ForwardService\Sprint 3","fwd-import; Frente:QA","<p>Automatizar a criação do projeto, sprints, itens, links, consultas e wiki via REST API 7.1.</p><ul><li>Atividade: Deployment</li><li>Estimativa: 6 h. Restante: 2 h. Complexidade: 3 pontos (Fibonacci)</li><li>Responsável: João Victor Franco</li><li>Predecessoras técnicas: TSK-3.32 Critérios BDD, DoD, MoSCoW e estimativas em Planning Poker</li><li>PBI: [PBI-032] Plano do projeto no Azure DevOps (backlog, BDD, DoD e release)</li></ul><p><b>Critérios de Pronto da tarefa</b></p><ol><li>Trabalho commitado em branch vinculada ao PBI e revisado por outro integrante.</li><li>Remaining Work zerado e estado Done no taskboard.</li><li>Evidência registrada no PBI quando a tarefa é de teste ou de documentação.</li></ol><p><i>Chave de rastreio TSK-3.33, gerada a partir de forward-docs/academic/qa/sprint3/backlog.json.</i></p>",""
"","Task","","","","[TSK-3.34] Convidar o professor (Basic e Project Administrators) e publicar o link no Teams","1","","","1","Deployment","ForwardService\Sprint 3","fwd-import; Frente:QA","<p>Conceder acesso ao professor Elias Bernardo e entregar o link do projeto na tarefa do Teams.</p><ul><li>Atividade: Deployment</li><li>Estimativa: 1 h. Restante: 1 h. Complexidade: 1 pontos (Fibonacci)</li><li>Responsável: Rodrigo César Jimenez</li><li>Predecessoras técnicas: TSK-3.33 Script de importação com testes em mock e publicação no Azure DevOps</li><li>PBI: [PBI-032] Plano do projeto no Azure DevOps (backlog, BDD, DoD e release)</li></ul><p><b>Critérios de Pronto da tarefa</b></p><ol><li>Trabalho commitado em branch vinculada ao PBI e revisado por outro integrante.</li><li>Remaining Work zerado e estado Done no taskboard.</li><li>Evidência registrada no PBI quando a tarefa é de teste ou de documentação.</li></ol><p><i>Chave de rastreio TSK-3.34, gerada a partir de forward-docs/academic/qa/sprint3/backlog.json.</i></p>",""
"","Product Backlog Item","","","[PBI-057] Automação dos critérios de aceite BDD no pipeline","","2","5","60","","","ForwardService\Sprint 6","fwd-import; MoSCoW:Should; Frente:QA; ArchiMate:GitHub Actions CI; ArchiMate:forward-api-java; REQ-01; REQ-05","<p><b>História de usuário</b><br>Como <b>Product Owner</b>, quero <b>que os cenários Gherkin dos PBIs virem testes executáveis no CI</b>, para <b>verificar o critério de aceite a cada mudança</b>.</p><p><b>Contexto técnico</b><br>Cucumber-JVM na forward-api-java com cenários em português; relatório publicado e cenários ligados ao ID do PBI.</p><p><b>Planejamento</b></p><ul><li>Sprint: Sprint 6 (09/11/2026 a 06/12/2026)</li><li>Prioridade: Should (MoSCoW) = Priority 2</li><li>Esforço: 5 pontos (Planning Poker, Fibonacci). Valor de negócio: 60</li><li>Responsável: Rodrigo César Jimenez</li><li>Ordem de implementação no backlog: 57º</li><li>Predecessoras: PBI-032 Plano do projeto no Azure DevOps (backlog, BDD, DoD e release); PBI-038 Testes E2E do fluxo crítico do app</li></ul><p><b>Rastreabilidade TOGAF/ArchiMate</b></p><ul><li>Elementos ArchiMate: GitHub Actions CI; forward-api-java</li><li>Requisitos de qualidade: REQ-01: Latência API p95 &lt; 300ms; REQ-05: LGPD — dados pseudonimizados</li><li>Feature: [FT-08.2] Planejamento ágil e garantia da qualidade. Épico: [EP-08] Governança de produto, qualidade e entregas</li></ul><p><b>Critérios de Pronto (DoD)</b></p><ol><li>Todos os cenários Gherkin do critério de aceite verificados e evidenciados (teste automatizado, relatório ou roteiro com prints).</li><li>Código ou artefato revisado em pull request aprovado por outro integrante (CODEOWNERS) e integrado à branch main.</li><li>Pipeline de CI verde: build, testes, lint e verificações de segurança (SAST, SCA e secret scan).</li><li>Testes automatizados para o caminho feliz e para os cenários de erro sempre que o item envolve código.</li><li>Nenhuma vulnerabilidade High/Critical aberta sem aceite formal, nenhum segredo commitado e dados pessoais tratados conforme a LGPD (REQ-05).</li><li>Requisitos de qualidade aplicáveis (REQ-01 a REQ-07) atendidos e medidos.</li><li>Documentação atualizada (README, OpenAPI, wiki ou model card) e rastreabilidade ArchiMate mantida nas tags.</li><li>Demonstrado ao Product Owner na Sprint Review e estado atualizado para Done no Azure Boards.</li><li>Relatório Cucumber anexado à wiki.</li></ol><p><i>Chave de rastreio PBI-057, gerada a partir de forward-docs/academic/qa/sprint3/backlog.json.</i></p>","<p><b>Funcionalidade:</b> Aceite automatizado</p><p><b>Cenário 1: Cenário executável</b> <i>(caminho feliz)</i><br>&nbsp;&nbsp;<b>Dado</b> um cenário Gherkin de um PBI da API<br>&nbsp;&nbsp;<b>Quando</b> o pipeline roda os testes BDD<br>&nbsp;&nbsp;<b>Então</b> o relatório mostra o cenário aprovado com o ID do PBI</p><p><b>Cenário 2: Critério de aceite quebrado</b> <i>(erro)</i><br>&nbsp;&nbsp;<b>Dado</b> uma mudança que viola um critério de aceite<br>&nbsp;&nbsp;<b>Quando</b> o pipeline roda<br>&nbsp;&nbsp;<b>Então</b> o cenário falha<br>&nbsp;&nbsp;<b>E</b> o pull request é bloqueado</p>"
"","Feature","","[FT-08.3] Entrega final do Challenge","","","1","11","85","","","ForwardService","fwd-import; MoSCoW:Must; ArchiMate:VIDEO_PITCH.mp4; ArchiMate:Equipe ForwardService","<p><b>Objetivo</b><br>Vídeo pitch técnico, pacote de evidências e ensaio da banca.</p><p><b>Persona principal:</b> Banca avaliadora FIAP x Ford</p><p><b>PBIs</b></p><ul><li>[PBI-040] Vídeo pitch técnico (até 6 minutos) (Sprint 4, 8 pts, Approved)</li><li>[PBI-041] Pacote final de entrega e ensaio da banca (Sprint 4, 3 pts, New)</li></ul><p><b>Rastreabilidade e planejamento</b></p><ul><li>Elementos ArchiMate: VIDEO_PITCH.mp4; Equipe ForwardService</li><li>Requisitos de qualidade: nenhum específico</li><li>Épico: [EP-08] Governança de produto, qualidade e entregas</li><li>Esforço total: 11 pontos. Prioridade: Must (Priority 1)</li></ul><p><b>Critérios de Pronto (DoD da Feature)</b></p><ol><li>Todos os PBIs filhos em Done ou movidos explicitamente pelo Product Owner.</li><li>Fluxo ponta a ponta da feature demonstrado em ambiente integrado.</li><li>Critérios de aceite da feature verificados na Sprint Review.</li><li>Documentação e diagramas afetados atualizados (README, wiki, views ArchiMate).</li></ol><p><i>Chave de rastreio FT-08.3, gerada a partir de forward-docs/academic/qa/sprint3/backlog.json.</i></p>","<p><b>Funcionalidade:</b> Entrega no prazo</p><p><b>Cenário 1: Entrega completa no Teams</b> <i>(caminho feliz)</i><br>&nbsp;&nbsp;<b>Dado</b> o prazo final da Sprint 4<br>&nbsp;&nbsp;<b>Quando</b> o time entrega no Teams<br>&nbsp;&nbsp;<b>Então</b> vídeo, links e evidências estão acessíveis e consistentes entre si</p><p><b>Cenário 2: Evidência divergente</b> <i>(erro)</i><br>&nbsp;&nbsp;<b>Dado</b> um número do vídeo diferente do relatório<br>&nbsp;&nbsp;<b>Quando</b> o ensaio é feito<br>&nbsp;&nbsp;<b>Então</b> a divergência é corrigida antes da entrega</p>"
"","Product Backlog Item","","","[PBI-040] Vídeo pitch técnico (até 6 minutos)","","1","8","90","","","ForwardService\Sprint 4","fwd-import; MoSCoW:Must; Frente:QA; ArchiMate:VIDEO_PITCH.mp4; ArchiMate:Equipe ForwardService","<p><b>História de usuário</b><br>Como <b>Banca avaliadora FIAP x Ford</b>, quero <b>um vídeo de até 6 minutos com os quatro integrantes mostrando problema, solução e demonstração técnica</b>, para <b>avaliar o projeto de forma objetiva</b>.</p><p><b>Contexto técnico</b><br>Roteiro com o problema (Curva da Morte e VIN Share), arquitetura, demonstração do app e da API, segurança e LGPD e roadmap; legenda com nome e RM de cada integrante.</p><p><b>Planejamento</b></p><ul><li>Sprint: Sprint 4 (28/09/2026 a 11/10/2026)</li><li>Prioridade: Must (MoSCoW) = Priority 1</li><li>Esforço: 8 pontos (Planning Poker, Fibonacci). Valor de negócio: 90</li><li>Responsável: Rodrigo César Jimenez</li><li>Ordem de implementação no backlog: 40º</li><li>Predecessoras: PBI-022 Testes automatizados da API com relatório de evidências; PBI-026 Release APK com identidade visual consolidada e README ilustrado</li></ul><p><b>Rastreabilidade TOGAF/ArchiMate</b></p><ul><li>Elementos ArchiMate: VIDEO_PITCH.mp4; Equipe ForwardService</li><li>Requisitos de qualidade: nenhum específico</li><li>Feature: [FT-08.3] Entrega final do Challenge. Épico: [EP-08] Governança de produto, qualidade e entregas</li></ul><p><b>Critérios de Pronto (DoD)</b></p><ol><li>Todos os cenários Gherkin do critério de aceite verificados e evidenciados (teste automatizado, relatório ou roteiro com prints).</li><li>Código ou artefato revisado em pull request aprovado por outro integrante (CODEOWNERS) e integrado à branch main.</li><li>Pipeline de CI verde: build, testes, lint e verificações de segurança (SAST, SCA e secret scan).</li><li>Testes automatizados para o caminho feliz e para os cenários de erro sempre que o item envolve código.</li><li>Nenhuma vulnerabilidade High/Critical aberta sem aceite formal, nenhum segredo commitado e dados pessoais tratados conforme a LGPD (REQ-05).</li><li>Requisitos de qualidade aplicáveis (REQ-01 a REQ-07) atendidos e medidos.</li><li>Documentação atualizada (README, OpenAPI, wiki ou model card) e rastreabilidade ArchiMate mantida nas tags.</li><li>Demonstrado ao Product Owner na Sprint Review e estado atualizado para Done no Azure Boards.</li><li>Link no slide 1 e em forward-docs/academic/video.</li></ol><p><i>Chave de rastreio PBI-040, gerada a partir de forward-docs/academic/qa/sprint3/backlog.json.</i></p>","<p><b>Funcionalidade:</b> Pitch final</p><p><b>Cenário 1: Vídeo dentro do limite</b> <i>(caminho feliz)</i><br>&nbsp;&nbsp;<b>Dado</b> o vídeo editado<br>&nbsp;&nbsp;<b>Quando</b> ele é publicado como não listado<br>&nbsp;&nbsp;<b>Então</b> dura no máximo 6 minutos<br>&nbsp;&nbsp;<b>E</b> os quatro integrantes aparecem com nome e RM</p><p><b>Cenário 2: Falha durante a gravação da demo</b> <i>(erro)</i><br>&nbsp;&nbsp;<b>Dado</b> uma falha do ambiente durante a gravação<br>&nbsp;&nbsp;<b>Quando</b> a cena é revisada<br>&nbsp;&nbsp;<b>Então</b> a cena é regravada com o ambiente de demonstração estável</p>"
"","Product Backlog Item","","","[PBI-041] Pacote final de entrega e ensaio da banca","","1","3","80","","","ForwardService\Sprint 4","fwd-import; MoSCoW:Must; Frente:QA; ArchiMate:Equipe ForwardService","<p><b>História de usuário</b><br>Como <b>Product Owner</b>, quero <b>um índice único com todos os links e evidências e um ensaio cronometrado</b>, para <b>entregar no prazo e sem pendências</b>.</p><p><b>Contexto técnico</b><br>README índice com links de repositórios, APK, Swagger, relatórios, Azure DevOps e vídeo; ensaio com checklist de riscos da demonstração.</p><p><b>Planejamento</b></p><ul><li>Sprint: Sprint 4 (28/09/2026 a 11/10/2026)</li><li>Prioridade: Must (MoSCoW) = Priority 1</li><li>Esforço: 3 pontos (Planning Poker, Fibonacci). Valor de negócio: 80</li><li>Responsável: João Victor Franco</li><li>Ordem de implementação no backlog: 41º</li><li>Predecessoras: PBI-030 Checklist de conformidade (OWASP ASVS, API e Mobile Top 10, LGPD); PBI-040 Vídeo pitch técnico (até 6 minutos)</li></ul><p><b>Rastreabilidade TOGAF/ArchiMate</b></p><ul><li>Elementos ArchiMate: Equipe ForwardService</li><li>Requisitos de qualidade: nenhum específico</li><li>Feature: [FT-08.3] Entrega final do Challenge. Épico: [EP-08] Governança de produto, qualidade e entregas</li></ul><p><b>Critérios de Pronto (DoD)</b></p><ol><li>Todos os cenários Gherkin do critério de aceite verificados e evidenciados (teste automatizado, relatório ou roteiro com prints).</li><li>Código ou artefato revisado em pull request aprovado por outro integrante (CODEOWNERS) e integrado à branch main.</li><li>Pipeline de CI verde: build, testes, lint e verificações de segurança (SAST, SCA e secret scan).</li><li>Testes automatizados para o caminho feliz e para os cenários de erro sempre que o item envolve código.</li><li>Nenhuma vulnerabilidade High/Critical aberta sem aceite formal, nenhum segredo commitado e dados pessoais tratados conforme a LGPD (REQ-05).</li><li>Requisitos de qualidade aplicáveis (REQ-01 a REQ-07) atendidos e medidos.</li><li>Documentação atualizada (README, OpenAPI, wiki ou model card) e rastreabilidade ArchiMate mantida nas tags.</li><li>Demonstrado ao Product Owner na Sprint Review e estado atualizado para Done no Azure Boards.</li><li>Upload no Teams confirmado antes do prazo.</li></ol><p><i>Chave de rastreio PBI-041, gerada a partir de forward-docs/academic/qa/sprint3/backlog.json.</i></p>","<p><b>Funcionalidade:</b> Entrega final</p><p><b>Cenário 1: Entrega completa</b> <i>(caminho feliz)</i><br>&nbsp;&nbsp;<b>Dado</b> o checklist de entrega<br>&nbsp;&nbsp;<b>Quando</b> o Product Owner revisa todos os itens<br>&nbsp;&nbsp;<b>Então</b> cada link abre para a banca sem configuração adicional</p><p><b>Cenário 2: Link quebrado</b> <i>(erro)</i><br>&nbsp;&nbsp;<b>Dado</b> um link do índice que retorna 404<br>&nbsp;&nbsp;<b>Quando</b> o check de links roda no CI<br>&nbsp;&nbsp;<b>Então</b> o pull request de entrega é bloqueado</p>"
"","Epic","[EP-03] Portão Único SOA: forward-api-java","","","","1","48","95","","","ForwardService","fwd-import; MoSCoW:Must; ArchiMate:forward-api-java; ArchiMate:REST API (OpenAPI); ArchiMate:SOAP / WSDL; ArchiMate:Auth/RBAC Service; ArchiMate:Lead Prioritization; ArchiMate:Serviço de Leads; ArchiMate:JVM (Java 17); ArchiMate:forward-api-java.jar; ArchiMate:SOA — Portão Único; REQ-01; REQ-02; REQ-05","<p><b>Objetivo</b><br>Única porta de entrada do sistema, com REST e SOAP, segurança e contrato documentado.</p><p><b>Hipótese de valor</b><br>Se todos os canais passarem por uma API segura e bem documentada, então integrações novas custam menos e a segurança é aplicada em um só lugar, medido por p95 abaixo de 300 ms e 100% dos endpoints com testes de sucesso e erro.</p><p><b>Métricas de sucesso</b></p><ul><li>REQ-01: p95 abaixo de 300 ms.</li><li>Cobertura de testes de pelo menos 70% na camada web.</li><li>Zero endpoints protegidos acessíveis sem token.</li></ul><p><b>Features</b></p><ul><li>[FT-03.1] API de consulta REST e SOAP (23 pts, Done)</li><li>[FT-03.2] Autenticação e autorização (Auth/RBAC Service) (13 pts, In Progress)</li><li>[FT-03.3] Contrato REST, documentação e testes da API (12 pts, In Progress)</li></ul><p><b>Rastreabilidade e planejamento</b></p><ul><li>Pilar: Transversal (Backend Core)</li><li>Elementos ArchiMate: forward-api-java; REST API (OpenAPI); SOAP / WSDL; Auth/RBAC Service; Lead Prioritization; Serviço de Leads; JVM (Java 17); forward-api-java.jar; SOA — Portão Único</li><li>Requisitos de qualidade: REQ-01: Latência API p95 &lt; 300ms; REQ-02: Disponibilidade ≥ 99%; REQ-05: LGPD — dados pseudonimizados</li><li>Esforço total: 48 pontos. Prioridade: Must (Priority 1)</li></ul><p><b>Critérios de Pronto (DoD do Épico)</b></p><ol><li>Features necessárias em Done; as remanescentes repriorizadas pelo Product Owner.</li><li>Métricas de sucesso do épico medidas e registradas na wiki.</li><li>Views ArchiMate atualizadas quando a arquitetura mudou.</li><li>Resultado apresentado aos stakeholders (banca FIAP x Ford) e lições registradas na retrospectiva.</li></ol><p><i>Chave de rastreio EP-03, gerada a partir de forward-docs/academic/qa/sprint3/backlog.json.</i></p>","<p><b>Critérios de aceite do épico</b></p><ul><li>Todos os canais (app, web e n8n) consomem apenas a forward-api-java.</li><li>Autenticação e autorização próprias com JWT e papéis.</li><li>Contrato OpenAPI e WSDL publicados e testados.</li></ul>"
"","Feature","","[FT-03.1] API de consulta REST e SOAP","","","1","23","90","","","ForwardService","fwd-import; MoSCoW:Must; ArchiMate:forward-api-java; ArchiMate:REST API (OpenAPI); ArchiMate:SOAP / WSDL; ArchiMate:Lead Prioritization; ArchiMate:Serviço de Leads; REQ-01","<p><b>Objetivo</b><br>Portão único com endpoints REST de consulta e a operação SOAP GetVehicle.</p><p><b>Persona principal:</b> Atendente da concessionária</p><p><b>PBIs</b></p><ul><li>[PBI-006] Protótipo da API e congelamento dos contratos compartilhados (Sprint 1, 5 pts, Done)</li><li>[PBI-009] API REST em camadas: veículos, clientes, scores e leads (Sprint 2, 8 pts, Done)</li><li>[PBI-010] Operação SOAP GetVehicle com WSDL contract-first (Sprint 2, 5 pts, Done)</li><li>[PBI-011] Registro de evento de serviço com erros RFC 7807 e contrato OpenAPI (Sprint 2, 5 pts, Done)</li></ul><p><b>Rastreabilidade e planejamento</b></p><ul><li>Elementos ArchiMate: forward-api-java; REST API (OpenAPI); SOAP / WSDL; Lead Prioritization; Serviço de Leads</li><li>Requisitos de qualidade: REQ-01: Latência API p95 &lt; 300ms</li><li>Épico: [EP-03] Portão Único SOA: forward-api-java</li><li>Esforço total: 23 pontos. Prioridade: Must (Priority 1)</li></ul><p><b>Critérios de Pronto (DoD da Feature)</b></p><ol><li>Todos os PBIs filhos em Done ou movidos explicitamente pelo Product Owner.</li><li>Fluxo ponta a ponta da feature demonstrado em ambiente integrado.</li><li>Critérios de aceite da feature verificados na Sprint Review.</li><li>Documentação e diagramas afetados atualizados (README, wiki, views ArchiMate).</li></ol><p><i>Chave de rastreio FT-03.1, gerada a partir de forward-docs/academic/qa/sprint3/backlog.json.</i></p>","<p><b>Funcionalidade:</b> Consulta única para todos os canais</p><p><b>Cenário 1: Canais consomem o mesmo portão</b> <i>(caminho feliz)</i><br>&nbsp;&nbsp;<b>Dado</b> o app, o painel web e integradores legados<br>&nbsp;&nbsp;<b>Quando</b> consultam veículo, cliente, score ou leads<br>&nbsp;&nbsp;<b>Então</b> todos passam pela forward-api-java via REST ou SOAP documentados</p><p><b>Cenário 2: Acesso direto ao banco</b> <i>(erro)</i><br>&nbsp;&nbsp;<b>Dado</b> um cliente tentando acessar o banco sem passar pela API<br>&nbsp;&nbsp;<b>Quando</b> a conexão é tentada<br>&nbsp;&nbsp;<b>Então</b> ela é recusada pela rede e pelas credenciais</p>"
"","Product Backlog Item","","","[PBI-006] Protótipo da API e congelamento dos contratos compartilhados","","1","5","70","","","ForwardService\Sprint 1","fwd-import; MoSCoW:Must; Frente:SOA; ArchiMate:forward-api-java; ArchiMate:REST API (OpenAPI); ArchiMate:JVM (Java 17)","<p><b>História de usuário</b><br>Como <b>Desenvolvedor da Equipe ForwardService</b>, quero <b>contratos congelados (schema SQL, OpenAPI v0 e formato do score de churn) e a decisão da stack da API registrada</b>, para <b>que mobile, ML e segurança avancem em paralelo</b>.</p><p><b>Contexto técnico</b><br>O protótipo inicial em Go foi arquivado; a ADR-002 registra a migração para Java 17 com Spring Boot (forward-api-java) por causa do requisito de SOAP/WSDL e da maturidade do ecossistema.</p><p><b>Planejamento</b></p><ul><li>Sprint: Sprint 1 (02/03/2026 a 19/04/2026)</li><li>Prioridade: Must (MoSCoW) = Priority 1</li><li>Esforço: 5 pontos (Planning Poker, Fibonacci). Valor de negócio: 70</li><li>Responsável: Ruan Melo Vieira</li><li>Ordem de implementação no backlog: 6º</li><li>Predecessoras: PBI-004 Solution Design e arquitetura-alvo com decisões registradas (ADRs); PBI-005 Schema PostgreSQL com migrations versionadas e seed sintético</li></ul><p><b>Rastreabilidade TOGAF/ArchiMate</b></p><ul><li>Elementos ArchiMate: forward-api-java; REST API (OpenAPI); JVM (Java 17)</li><li>Requisitos de qualidade: nenhum específico</li><li>Feature: [FT-03.1] API de consulta REST e SOAP. Épico: [EP-03] Portão Único SOA: forward-api-java</li></ul><p><b>Critérios de Pronto (DoD)</b></p><ol><li>Todos os cenários Gherkin do critério de aceite verificados e evidenciados (teste automatizado, relatório ou roteiro com prints).</li><li>Código ou artefato revisado em pull request aprovado por outro integrante (CODEOWNERS) e integrado à branch main.</li><li>Pipeline de CI verde: build, testes, lint e verificações de segurança (SAST, SCA e secret scan).</li><li>Testes automatizados para o caminho feliz e para os cenários de erro sempre que o item envolve código.</li><li>Nenhuma vulnerabilidade High/Critical aberta sem aceite formal, nenhum segredo commitado e dados pessoais tratados conforme a LGPD (REQ-05).</li><li>Requisitos de qualidade aplicáveis (REQ-01 a REQ-07) atendidos e medidos.</li><li>Documentação atualizada (README, OpenAPI, wiki ou model card) e rastreabilidade ArchiMate mantida nas tags.</li><li>Demonstrado ao Product Owner na Sprint Review e estado atualizado para Done no Azure Boards.</li><li>ADR-002 registrada no DOC 03.</li><li>OpenAPI publicado em forward-docs/api.</li></ol><p><b>Evidência de entrega</b><br>ADR-002 em forward-docs/project/03_SOLUTION_DESIGN.md.</p><p><i>Chave de rastreio PBI-006, gerada a partir de forward-docs/academic/qa/sprint3/backlog.json.</i></p>","<p><b>Funcionalidade:</b> Contratos entre componentes</p><p><b>Cenário 1: Contrato publicado antes da implementação</b> <i>(caminho feliz)</i><br>&nbsp;&nbsp;<b>Dado</b> o OpenAPI v0 revisado pelo time<br>&nbsp;&nbsp;<b>Quando</b> o mobile implementa uma tela que consome leads<br>&nbsp;&nbsp;<b>Então</b> todos os campos usados existem no contrato congelado</p><p><b>Cenário 2: Mudança que quebra o contrato</b> <i>(erro)</i><br>&nbsp;&nbsp;<b>Dado</b> um campo removido do contrato sem versionamento<br>&nbsp;&nbsp;<b>Quando</b> a revisão do PR compara a mudança com o OpenAPI congelado<br>&nbsp;&nbsp;<b>Então</b> o PR é bloqueado até a mudança ser versionada e comunicada</p>"
"","Product Backlog Item","","","[PBI-009] API REST em camadas: veículos, clientes, scores e leads","","1","8","90","","","ForwardService\Sprint 2","fwd-import; MoSCoW:Must; Frente:SOA; ArchiMate:forward-api-java; ArchiMate:REST API (OpenAPI); ArchiMate:Lead Prioritization; ArchiMate:Serviço de Leads; ArchiMate:Scoring Service; REQ-01","<p><b>História de usuário</b><br>Como <b>Atendente da concessionária</b>, quero <b>consultar veículos, clientes, scores e a lista de leads por uma API única</b>, para <b>priorizar quem contatar com dados consistentes</b>.</p><p><b>Contexto técnico</b><br>forward-api-java (Java 17 e Spring Boot 3) com camadas web, service e repository; endpoints GET /api/v1/vehicles/{vin}, /api/v1/customers/{id}, /api/v1/scores/{customerId}, /api/v1/leads e /api/v1/me.</p><p><b>Planejamento</b></p><ul><li>Sprint: Sprint 2 (20/04/2026 a 24/05/2026)</li><li>Prioridade: Must (MoSCoW) = Priority 1</li><li>Esforço: 8 pontos (Planning Poker, Fibonacci). Valor de negócio: 90</li><li>Responsável: Ruan Melo Vieira</li><li>Ordem de implementação no backlog: 9º</li><li>Predecessoras: PBI-006 Protótipo da API e congelamento dos contratos compartilhados</li></ul><p><b>Rastreabilidade TOGAF/ArchiMate</b></p><ul><li>Elementos ArchiMate: forward-api-java; REST API (OpenAPI); Lead Prioritization; Serviço de Leads; Scoring Service</li><li>Requisitos de qualidade: REQ-01: Latência API p95 &lt; 300ms</li><li>Feature: [FT-03.1] API de consulta REST e SOAP. Épico: [EP-03] Portão Único SOA: forward-api-java</li></ul><p><b>Critérios de Pronto (DoD)</b></p><ol><li>Todos os cenários Gherkin do critério de aceite verificados e evidenciados (teste automatizado, relatório ou roteiro com prints).</li><li>Código ou artefato revisado em pull request aprovado por outro integrante (CODEOWNERS) e integrado à branch main.</li><li>Pipeline de CI verde: build, testes, lint e verificações de segurança (SAST, SCA e secret scan).</li><li>Testes automatizados para o caminho feliz e para os cenários de erro sempre que o item envolve código.</li><li>Nenhuma vulnerabilidade High/Critical aberta sem aceite formal, nenhum segredo commitado e dados pessoais tratados conforme a LGPD (REQ-05).</li><li>Requisitos de qualidade aplicáveis (REQ-01 a REQ-07) atendidos e medidos.</li><li>Documentação atualizada (README, OpenAPI, wiki ou model card) e rastreabilidade ArchiMate mantida nas tags.</li><li>Demonstrado ao Product Owner na Sprint Review e estado atualizado para Done no Azure Boards.</li><li>Separação web, service e repository.</li><li>Consultas parametrizadas, sem concatenação de SQL.</li></ol><p><b>Evidência de entrega</b><br>fwd-ford/forward-api-java (endpoints da Sprint 1 documentados no README).</p><p><i>Chave de rastreio PBI-009, gerada a partir de forward-docs/academic/qa/sprint3/backlog.json.</i></p>","<p><b>Funcionalidade:</b> Consulta de leads e contexto do cliente</p><p><b>Cenário 1: Lista de leads da concessionária</b> <i>(caminho feliz)</i><br>&nbsp;&nbsp;<b>Dado</b> um usuário autenticado vinculado a uma concessionária<br>&nbsp;&nbsp;<b>Quando</b> ele chama GET /api/v1/leads<br>&nbsp;&nbsp;<b>Então</b> recebe 200 com os leads ordenados por prioridade</p><p><b>Cenário 2: Recurso inexistente</b> <i>(erro)</i><br>&nbsp;&nbsp;<b>Dado</b> um VIN que não existe na base<br>&nbsp;&nbsp;<b>Quando</b> o cliente chama GET /api/v1/vehicles/{vin}<br>&nbsp;&nbsp;<b>Então</b> recebe 404 sem detalhes internos da aplicação</p><p><b>Cenário 3: Parâmetro inválido</b> <i>(erro)</i><br>&nbsp;&nbsp;<b>Dado</b> um VIN fora do padrão ISO 3779<br>&nbsp;&nbsp;<b>Quando</b> a consulta é feita<br>&nbsp;&nbsp;<b>Então</b> a API responde 400 com a mensagem de validação</p>"
"","Product Backlog Item","","","[PBI-010] Operação SOAP GetVehicle com WSDL contract-first","","1","5","60","","","ForwardService\Sprint 2","fwd-import; MoSCoW:Must; Frente:SOA; ArchiMate:SOAP / WSDL; ArchiMate:forward-api-java; REQ-01","<p><b>História de usuário</b><br>Como <b>Integrador de sistema legado da concessionária</b>, quero <b>consultar um veículo via SOAP com WSDL publicado</b>, para <b>integrar sem depender de REST</b>.</p><p><b>Contexto técnico</b><br>Spring WS contract-first (xsd/vehicles.xsd); GET /soap/vehicles.wsdl e POST /soap/vehicles com a operação GetVehicle.</p><p><b>Planejamento</b></p><ul><li>Sprint: Sprint 2 (20/04/2026 a 24/05/2026)</li><li>Prioridade: Must (MoSCoW) = Priority 1</li><li>Esforço: 5 pontos (Planning Poker, Fibonacci). Valor de negócio: 60</li><li>Responsável: Ruan Melo Vieira</li><li>Ordem de implementação no backlog: 10º</li><li>Predecessoras: PBI-009 API REST em camadas: veículos, clientes, scores e leads</li></ul><p><b>Rastreabilidade TOGAF/ArchiMate</b></p><ul><li>Elementos ArchiMate: SOAP / WSDL; forward-api-java</li><li>Requisitos de qualidade: REQ-01: Latência API p95 &lt; 300ms</li><li>Feature: [FT-03.1] API de consulta REST e SOAP. Épico: [EP-03] Portão Único SOA: forward-api-java</li></ul><p><b>Critérios de Pronto (DoD)</b></p><ol><li>Todos os cenários Gherkin do critério de aceite verificados e evidenciados (teste automatizado, relatório ou roteiro com prints).</li><li>Código ou artefato revisado em pull request aprovado por outro integrante (CODEOWNERS) e integrado à branch main.</li><li>Pipeline de CI verde: build, testes, lint e verificações de segurança (SAST, SCA e secret scan).</li><li>Testes automatizados para o caminho feliz e para os cenários de erro sempre que o item envolve código.</li><li>Nenhuma vulnerabilidade High/Critical aberta sem aceite formal, nenhum segredo commitado e dados pessoais tratados conforme a LGPD (REQ-05).</li><li>Requisitos de qualidade aplicáveis (REQ-01 a REQ-07) atendidos e medidos.</li><li>Documentação atualizada (README, OpenAPI, wiki ou model card) e rastreabilidade ArchiMate mantida nas tags.</li><li>Demonstrado ao Product Owner na Sprint Review e estado atualizado para Done no Azure Boards.</li><li>Contrato XSD versionado.</li><li>Exemplo de envelope no README.</li></ol><p><b>Evidência de entrega</b><br>fwd-ford/forward-api-java (pacote soap e xsd/vehicles.xsd).</p><p><i>Chave de rastreio PBI-010, gerada a partir de forward-docs/academic/qa/sprint3/backlog.json.</i></p>","<p><b>Funcionalidade:</b> Integração SOAP</p><p><b>Cenário 1: WSDL publicado</b> <i>(caminho feliz)</i><br>&nbsp;&nbsp;<b>Dado</b> a API em execução<br>&nbsp;&nbsp;<b>Quando</b> o integrador acessa GET /soap/vehicles.wsdl<br>&nbsp;&nbsp;<b>Então</b> recebe o WSDL com a operação GetVehicle</p><p><b>Cenário 2: Consulta de veículo por VIN</b> <i>(caminho feliz)</i><br>&nbsp;&nbsp;<b>Dado</b> um VIN existente<br>&nbsp;&nbsp;<b>Quando</b> o integrador envia um envelope GetVehicleRequest válido<br>&nbsp;&nbsp;<b>Então</b> recebe GetVehicleResponse com modelo, ano e concessionária</p><p><b>Cenário 3: Envelope inválido</b> <i>(erro)</i><br>&nbsp;&nbsp;<b>Dado</b> um envelope que viola o XSD<br>&nbsp;&nbsp;<b>Quando</b> ele é enviado<br>&nbsp;&nbsp;<b>Então</b> a API retorna SOAP Fault sem stack trace</p>"
"","Product Backlog Item","","","[PBI-011] Registro de evento de serviço com erros RFC 7807 e contrato OpenAPI","","1","5","75","","","ForwardService\Sprint 2","fwd-import; MoSCoW:Must; Frente:SOA; ArchiMate:forward-api-java; ArchiMate:REST API (OpenAPI); ArchiMate:Serviço de Agendamento; REQ-01","<p><b>História de usuário</b><br>Como <b>Atendente da concessionária</b>, quero <b>registrar a revisão realizada pelo cliente</b>, para <b>que o termômetro de risco e o histórico reflitam o retorno do cliente</b>.</p><p><b>Contexto técnico</b><br>POST /api/v1/service-events com migration de service_orders (maintenance_number e main_source); erros em application/problem+json (RFC 7807) e documentação via springdoc-openapi (Swagger UI).</p><p><b>Planejamento</b></p><ul><li>Sprint: Sprint 2 (20/04/2026 a 24/05/2026)</li><li>Prioridade: Must (MoSCoW) = Priority 1</li><li>Esforço: 5 pontos (Planning Poker, Fibonacci). Valor de negócio: 75</li><li>Responsável: Ruan Melo Vieira</li><li>Ordem de implementação no backlog: 11º</li><li>Predecessoras: PBI-009 API REST em camadas: veículos, clientes, scores e leads</li></ul><p><b>Rastreabilidade TOGAF/ArchiMate</b></p><ul><li>Elementos ArchiMate: forward-api-java; REST API (OpenAPI); Serviço de Agendamento</li><li>Requisitos de qualidade: REQ-01: Latência API p95 &lt; 300ms</li><li>Feature: [FT-03.1] API de consulta REST e SOAP. Épico: [EP-03] Portão Único SOA: forward-api-java</li></ul><p><b>Critérios de Pronto (DoD)</b></p><ol><li>Todos os cenários Gherkin do critério de aceite verificados e evidenciados (teste automatizado, relatório ou roteiro com prints).</li><li>Código ou artefato revisado em pull request aprovado por outro integrante (CODEOWNERS) e integrado à branch main.</li><li>Pipeline de CI verde: build, testes, lint e verificações de segurança (SAST, SCA e secret scan).</li><li>Testes automatizados para o caminho feliz e para os cenários de erro sempre que o item envolve código.</li><li>Nenhuma vulnerabilidade High/Critical aberta sem aceite formal, nenhum segredo commitado e dados pessoais tratados conforme a LGPD (REQ-05).</li><li>Requisitos de qualidade aplicáveis (REQ-01 a REQ-07) atendidos e medidos.</li><li>Documentação atualizada (README, OpenAPI, wiki ou model card) e rastreabilidade ArchiMate mantida nas tags.</li><li>Demonstrado ao Product Owner na Sprint Review e estado atualizado para Done no Azure Boards.</li><li>openapi.yaml espelhado em forward-docs/api.</li><li>Handler global de erros sem stack trace.</li></ol><p><b>Evidência de entrega</b><br>forward-api-java PRs #16 (SOA-1) e #20 (SOA-2); forward-infra PR #5.</p><p><i>Chave de rastreio PBI-011, gerada a partir de forward-docs/academic/qa/sprint3/backlog.json.</i></p>","<p><b>Funcionalidade:</b> Registro de revisão</p><p><b>Cenário 1: Evento registrado</b> <i>(caminho feliz)</i><br>&nbsp;&nbsp;<b>Dado</b> um atendente autenticado<br>&nbsp;&nbsp;<b>Quando</b> ele envia POST /api/v1/service-events com VIN, data e tipo de serviço válidos<br>&nbsp;&nbsp;<b>Então</b> a API responde 201<br>&nbsp;&nbsp;<b>E</b> o evento passa a constar no histórico do veículo</p><p><b>Cenário 2: Campo obrigatório ausente</b> <i>(erro)</i><br>&nbsp;&nbsp;<b>Dado</b> um corpo de requisição sem a data do serviço<br>&nbsp;&nbsp;<b>Quando</b> o POST é enviado<br>&nbsp;&nbsp;<b>Então</b> a API responde 400 em application/problem+json indicando o campo inválido</p><p><b>Cenário 3: Contrato documentado</b> <i>(caso de borda)</i><br>&nbsp;&nbsp;<b>Dado</b> a API em execução<br>&nbsp;&nbsp;<b>Quando</b> o desenvolvedor abre o Swagger UI<br>&nbsp;&nbsp;<b>Então</b> o endpoint aparece com exemplos de requisição, resposta e erros</p>"
"","Feature","","[FT-03.2] Autenticação e autorização (Auth/RBAC Service)","","","1","13","90","","","ForwardService","fwd-import; MoSCoW:Must; ArchiMate:Auth/RBAC Service; ArchiMate:forward-api-java; REQ-05","<p><b>Objetivo</b><br>JWT emitido pela própria API, papéis ATENDENTE, GESTOR e ADMIN e ciclo de vida da sessão.</p><p><b>Persona principal:</b> Gerente de Serviço</p><p><b>PBIs</b></p><ul><li>[PBI-018] Emissão de JWT próprio no login da API (Sprint 3, 5 pts, Done)</li><li>[PBI-019] Autorização por papel (ATENDENTE, GESTOR, ADMIN) (Sprint 3, 3 pts, Done)</li><li>[PBI-034] Refresh token e revogação de sessão (Sprint 4, 5 pts, Approved)</li></ul><p><b>Rastreabilidade e planejamento</b></p><ul><li>Elementos ArchiMate: Auth/RBAC Service; forward-api-java</li><li>Requisitos de qualidade: REQ-05: LGPD — dados pseudonimizados</li><li>Épico: [EP-03] Portão Único SOA: forward-api-java</li><li>Esforço total: 13 pontos. Prioridade: Must (Priority 1)</li></ul><p><b>Critérios de Pronto (DoD da Feature)</b></p><ol><li>Todos os PBIs filhos em Done ou movidos explicitamente pelo Product Owner.</li><li>Fluxo ponta a ponta da feature demonstrado em ambiente integrado.</li><li>Critérios de aceite da feature verificados na Sprint Review.</li><li>Documentação e diagramas afetados atualizados (README, wiki, views ArchiMate).</li></ol><p><i>Chave de rastreio FT-03.2, gerada a partir de forward-docs/academic/qa/sprint3/backlog.json.</i></p>","<p><b>Funcionalidade:</b> Acesso mínimo necessário</p><p><b>Cenário 1: Respostas conforme a matriz de papéis</b> <i>(caminho feliz)</i><br>&nbsp;&nbsp;<b>Dado</b> usuários com papéis diferentes<br>&nbsp;&nbsp;<b>Quando</b> acessam os mesmos endpoints<br>&nbsp;&nbsp;<b>Então</b> cada um recebe apenas o que a matriz de papéis permite</p><p><b>Cenário 2: Token adulterado</b> <i>(erro)</i><br>&nbsp;&nbsp;<b>Dado</b> um token com a assinatura alterada<br>&nbsp;&nbsp;<b>Quando</b> ele é enviado à API<br>&nbsp;&nbsp;<b>Então</b> a requisição é recusada com 401</p>"
"","Product Backlog Item","","","[PBI-018] Emissão de JWT próprio no login da API","","1","5","90","","","ForwardService\Sprint 3","fwd-import; MoSCoW:Must; Frente:SOA; ArchiMate:Auth/RBAC Service; ArchiMate:forward-api-java; REQ-05","<p><b>História de usuário</b><br>Como <b>Atendente da concessionária</b>, quero <b>entrar com e-mail e senha e receber um token de acesso</b>, para <b>usar o app sem depender de um provedor de autenticação externo</b>.</p><p><b>Contexto técnico</b><br>POST /api/v1/auth/login valida as credenciais (senha com BCrypt) e emite JWT HS256 com expiração e os claims sub, role e dealer; o segredo de assinatura vem de variável de ambiente.</p><p><b>Planejamento</b></p><ul><li>Sprint: Sprint 3 (03/08/2026 a 27/09/2026)</li><li>Prioridade: Must (MoSCoW) = Priority 1</li><li>Esforço: 5 pontos (Planning Poker, Fibonacci). Valor de negócio: 90</li><li>Responsável: Ruan Melo Vieira</li><li>Ordem de implementação no backlog: 18º</li><li>Predecessoras: PBI-017 Perfil demo autocontido (H2 + seed) substituindo o Supabase removido</li></ul><p><b>Rastreabilidade TOGAF/ArchiMate</b></p><ul><li>Elementos ArchiMate: Auth/RBAC Service; forward-api-java</li><li>Requisitos de qualidade: REQ-05: LGPD — dados pseudonimizados</li><li>Feature: [FT-03.2] Autenticação e autorização (Auth/RBAC Service). Épico: [EP-03] Portão Único SOA: forward-api-java</li></ul><p><b>Critérios de Pronto (DoD)</b></p><ol><li>Todos os cenários Gherkin do critério de aceite verificados e evidenciados (teste automatizado, relatório ou roteiro com prints).</li><li>Código ou artefato revisado em pull request aprovado por outro integrante (CODEOWNERS) e integrado à branch main.</li><li>Pipeline de CI verde: build, testes, lint e verificações de segurança (SAST, SCA e secret scan).</li><li>Testes automatizados para o caminho feliz e para os cenários de erro sempre que o item envolve código.</li><li>Nenhuma vulnerabilidade High/Critical aberta sem aceite formal, nenhum segredo commitado e dados pessoais tratados conforme a LGPD (REQ-05).</li><li>Requisitos de qualidade aplicáveis (REQ-01 a REQ-07) atendidos e medidos.</li><li>Documentação atualizada (README, OpenAPI, wiki ou model card) e rastreabilidade ArchiMate mantida nas tags.</li><li>Demonstrado ao Product Owner na Sprint Review e estado atualizado para Done no Azure Boards.</li><li>Segredo JWT fora do código, em variável de ambiente.</li><li>Testes de emissão, assinatura e expiração do token.</li></ol><p><i>Chave de rastreio PBI-018, gerada a partir de forward-docs/academic/qa/sprint3/backlog.json.</i></p>","<p><b>Funcionalidade:</b> Autenticação por JWT</p><p><b>Cenário 1: Login válido</b> <i>(caminho feliz)</i><br>&nbsp;&nbsp;<b>Dado</b> um usuário com papel ATENDENTE cadastrado<br>&nbsp;&nbsp;<b>Quando</b> ele envia POST /api/v1/auth/login com credenciais corretas<br>&nbsp;&nbsp;<b>Então</b> recebe 200 com accessToken, tokenType Bearer e expiresIn<br>&nbsp;&nbsp;<b>E</b> o token contém os claims sub, role e dealer</p><p><b>Cenário 2: Senha incorreta</b> <i>(erro)</i><br>&nbsp;&nbsp;<b>Dado</b> um e-mail cadastrado<br>&nbsp;&nbsp;<b>Quando</b> a senha enviada está errada<br>&nbsp;&nbsp;<b>Então</b> a API responde 401 em application/problem+json<br>&nbsp;&nbsp;<b>E</b> a mensagem não revela se o e-mail existe</p><p><b>Cenário 3: Token expirado</b> <i>(caso de borda)</i><br>&nbsp;&nbsp;<b>Dado</b> um token cuja expiração já passou<br>&nbsp;&nbsp;<b>Quando</b> ele é usado em um endpoint protegido<br>&nbsp;&nbsp;<b>Então</b> a API responde 401</p>"
"","Task","","","","[TSK-3.03] Endpoint POST /api/v1/auth/login com BCrypt e emissão de JWT HS256","1","","","0","Development","ForwardService\Sprint 3","fwd-import; Frente:SOA","<p>Validar credenciais contra a tabela de usuários e emitir token com expiração e claims sub, role e dealer.</p><ul><li>Atividade: Development</li><li>Estimativa: 6 h. Restante: 0 h. Complexidade: 3 pontos (Fibonacci)</li><li>Responsável: Ruan Melo Vieira</li><li>Predecessoras técnicas: TSK-3.02 Seed de demonstração com concessionárias, clientes, veículos, leads e usuários por papel</li><li>PBI: [PBI-018] Emissão de JWT próprio no login da API</li></ul><p><b>Critérios de Pronto da tarefa</b></p><ol><li>Trabalho commitado em branch vinculada ao PBI e revisado por outro integrante.</li><li>Remaining Work zerado e estado Done no taskboard.</li><li>Evidência registrada no PBI quando a tarefa é de teste ou de documentação.</li></ol><p><i>Chave de rastreio TSK-3.03, gerada a partir de forward-docs/academic/qa/sprint3/backlog.json.</i></p>",""
"","Task","","","","[TSK-3.04] Filtro de validação do bearer token com segredo por variável de ambiente","1","","","0","Development","ForwardService\Sprint 3","fwd-import; Frente:SOA","<p>Validar assinatura e expiração em cada requisição protegida e popular o contexto de segurança.</p><ul><li>Atividade: Development</li><li>Estimativa: 4 h. Restante: 0 h. Complexidade: 2 pontos (Fibonacci)</li><li>Responsável: Ruan Melo Vieira</li><li>Predecessoras técnicas: TSK-3.03 Endpoint POST /api/v1/auth/login com BCrypt e emissão de JWT HS256</li><li>PBI: [PBI-018] Emissão de JWT próprio no login da API</li></ul><p><b>Critérios de Pronto da tarefa</b></p><ol><li>Trabalho commitado em branch vinculada ao PBI e revisado por outro integrante.</li><li>Remaining Work zerado e estado Done no taskboard.</li><li>Evidência registrada no PBI quando a tarefa é de teste ou de documentação.</li></ol><p><i>Chave de rastreio TSK-3.04, gerada a partir de forward-docs/academic/qa/sprint3/backlog.json.</i></p>",""
"","Task","","","","[TSK-3.05] Testes unitários de emissão, validação e expiração do token","1","","","0","Testing","ForwardService\Sprint 3","fwd-import; Frente:SOA","<p>Cobrir token válido, assinatura adulterada, token expirado e claims obrigatórios.</p><ul><li>Atividade: Testing</li><li>Estimativa: 3 h. Restante: 0 h. Complexidade: 2 pontos (Fibonacci)</li><li>Responsável: Ruan Melo Vieira</li><li>Predecessoras técnicas: TSK-3.04 Filtro de validação do bearer token com segredo por variável de ambiente</li><li>PBI: [PBI-018] Emissão de JWT próprio no login da API</li></ul><p><b>Critérios de Pronto da tarefa</b></p><ol><li>Trabalho commitado em branch vinculada ao PBI e revisado por outro integrante.</li><li>Remaining Work zerado e estado Done no taskboard.</li><li>Evidência registrada no PBI quando a tarefa é de teste ou de documentação.</li></ol><p><i>Chave de rastreio TSK-3.05, gerada a partir de forward-docs/academic/qa/sprint3/backlog.json.</i></p>",""
"","Product Backlog Item","","","[PBI-019] Autorização por papel (ATENDENTE, GESTOR, ADMIN)","","1","3","85","","","ForwardService\Sprint 3","fwd-import; MoSCoW:Must; Frente:SOA; ArchiMate:Auth/RBAC Service; ArchiMate:forward-api-java; REQ-05","<p><b>História de usuário</b><br>Como <b>Gerente de Serviço</b>, quero <b>que cada papel acesse apenas o que precisa</b>, para <b>proteger os dados dos clientes e da concessionária</b>.</p><p><b>Contexto técnico</b><br>Matriz de permissões com rotas públicas (login, health, Swagger e WSDL) e rotas protegidas por papel; regras no SecurityFilterChain e em @PreAuthorize.</p><p><b>Planejamento</b></p><ul><li>Sprint: Sprint 3 (03/08/2026 a 27/09/2026)</li><li>Prioridade: Must (MoSCoW) = Priority 1</li><li>Esforço: 3 pontos (Planning Poker, Fibonacci). Valor de negócio: 85</li><li>Responsável: Ruan Melo Vieira</li><li>Ordem de implementação no backlog: 19º</li><li>Predecessoras: PBI-018 Emissão de JWT próprio no login da API</li></ul><p><b>Rastreabilidade TOGAF/ArchiMate</b></p><ul><li>Elementos ArchiMate: Auth/RBAC Service; forward-api-java</li><li>Requisitos de qualidade: REQ-05: LGPD — dados pseudonimizados</li><li>Feature: [FT-03.2] Autenticação e autorização (Auth/RBAC Service). Épico: [EP-03] Portão Único SOA: forward-api-java</li></ul><p><b>Critérios de Pronto (DoD)</b></p><ol><li>Todos os cenários Gherkin do critério de aceite verificados e evidenciados (teste automatizado, relatório ou roteiro com prints).</li><li>Código ou artefato revisado em pull request aprovado por outro integrante (CODEOWNERS) e integrado à branch main.</li><li>Pipeline de CI verde: build, testes, lint e verificações de segurança (SAST, SCA e secret scan).</li><li>Testes automatizados para o caminho feliz e para os cenários de erro sempre que o item envolve código.</li><li>Nenhuma vulnerabilidade High/Critical aberta sem aceite formal, nenhum segredo commitado e dados pessoais tratados conforme a LGPD (REQ-05).</li><li>Requisitos de qualidade aplicáveis (REQ-01 a REQ-07) atendidos e medidos.</li><li>Documentação atualizada (README, OpenAPI, wiki ou model card) e rastreabilidade ArchiMate mantida nas tags.</li><li>Demonstrado ao Product Owner na Sprint Review e estado atualizado para Done no Azure Boards.</li><li>Matriz papel x endpoint documentada no README.</li></ol><p><i>Chave de rastreio PBI-019, gerada a partir de forward-docs/academic/qa/sprint3/backlog.json.</i></p>","<p><b>Funcionalidade:</b> Controle de acesso por papel</p><p><b>Cenário 1: Papel autorizado</b> <i>(caminho feliz)</i><br>&nbsp;&nbsp;<b>Dado</b> um usuário GESTOR autenticado<br>&nbsp;&nbsp;<b>Quando</b> ele acessa um endpoint de gestão da sua concessionária<br>&nbsp;&nbsp;<b>Então</b> recebe 200</p><p><b>Cenário 2: Papel sem permissão</b> <i>(erro)</i><br>&nbsp;&nbsp;<b>Dado</b> um usuário ATENDENTE autenticado<br>&nbsp;&nbsp;<b>Quando</b> ele acessa um endpoint restrito a ADMIN<br>&nbsp;&nbsp;<b>Então</b> recebe 403 em application/problem+json</p><p><b>Cenário 3: Requisição sem token</b> <i>(erro)</i><br>&nbsp;&nbsp;<b>Dado</b> uma requisição sem o cabeçalho Authorization<br>&nbsp;&nbsp;<b>Quando</b> ela chega a um endpoint protegido<br>&nbsp;&nbsp;<b>Então</b> a API responde 401</p><p><b>Cenário 4: Rota pública</b> <i>(caso de borda)</i><br>&nbsp;&nbsp;<b>Dado</b> uma requisição sem token<br>&nbsp;&nbsp;<b>Quando</b> o cliente acessa o Swagger UI ou GET /health<br>&nbsp;&nbsp;<b>Então</b> a API responde 200</p>"
"","Task","","","","[TSK-3.06] Matriz de permissões por papel e rotas públicas","1","","","0","Design","ForwardService\Sprint 3","fwd-import; Frente:SOA","<p>Definir a tabela papel x endpoint (ATENDENTE, GESTOR, ADMIN) e as rotas públicas: login, health, Swagger e WSDL.</p><ul><li>Atividade: Design</li><li>Estimativa: 2 h. Restante: 0 h. Complexidade: 1 pontos (Fibonacci)</li><li>Responsável: Ruan Melo Vieira</li><li>Predecessoras técnicas: TSK-3.04 Filtro de validação do bearer token com segredo por variável de ambiente</li><li>PBI: [PBI-019] Autorização por papel (ATENDENTE, GESTOR, ADMIN)</li></ul><p><b>Critérios de Pronto da tarefa</b></p><ol><li>Trabalho commitado em branch vinculada ao PBI e revisado por outro integrante.</li><li>Remaining Work zerado e estado Done no taskboard.</li><li>Evidência registrada no PBI quando a tarefa é de teste ou de documentação.</li></ol><p><i>Chave de rastreio TSK-3.06, gerada a partir de forward-docs/academic/qa/sprint3/backlog.json.</i></p>",""
"","Task","","","","[TSK-3.07] Aplicar regras de autorização no SecurityFilterChain e em @PreAuthorize","1","","","0","Development","ForwardService\Sprint 3","fwd-import; Frente:SOA","<p>Implementar a matriz e garantir 401 sem token e 403 para papel sem permissão.</p><ul><li>Atividade: Development</li><li>Estimativa: 4 h. Restante: 0 h. Complexidade: 2 pontos (Fibonacci)</li><li>Responsável: Ruan Melo Vieira</li><li>Predecessoras técnicas: TSK-3.06 Matriz de permissões por papel e rotas públicas</li><li>PBI: [PBI-019] Autorização por papel (ATENDENTE, GESTOR, ADMIN)</li></ul><p><b>Critérios de Pronto da tarefa</b></p><ol><li>Trabalho commitado em branch vinculada ao PBI e revisado por outro integrante.</li><li>Remaining Work zerado e estado Done no taskboard.</li><li>Evidência registrada no PBI quando a tarefa é de teste ou de documentação.</li></ol><p><i>Chave de rastreio TSK-3.07, gerada a partir de forward-docs/academic/qa/sprint3/backlog.json.</i></p>",""
"","Product Backlog Item","","","[PBI-034] Refresh token e revogação de sessão","","2","5","65","","","ForwardService\Sprint 4","fwd-import; MoSCoW:Should; Frente:SOA; ArchiMate:Auth/RBAC Service; ArchiMate:forward-mobile; REQ-05","<p><b>História de usuário</b><br>Como <b>Atendente da concessionária</b>, quero <b>que minha sessão seja renovada com segurança e encerrada quando eu sair</b>, para <b>não perder o trabalho nem deixar acesso aberto</b>.</p><p><b>Contexto técnico</b><br>Access token de vida curta e refresh token rotativo; logout revoga o refresh token; o app renova a sessão antes da expiração.</p><p><b>Planejamento</b></p><ul><li>Sprint: Sprint 4 (28/09/2026 a 11/10/2026)</li><li>Prioridade: Should (MoSCoW) = Priority 2</li><li>Esforço: 5 pontos (Planning Poker, Fibonacci). Valor de negócio: 65</li><li>Responsável: Ruan Melo Vieira</li><li>Ordem de implementação no backlog: 34º</li><li>Predecessoras: PBI-018 Emissão de JWT próprio no login da API; PBI-024 App consome a API com JWT guardado no SecureStore</li></ul><p><b>Rastreabilidade TOGAF/ArchiMate</b></p><ul><li>Elementos ArchiMate: Auth/RBAC Service; forward-mobile</li><li>Requisitos de qualidade: REQ-05: LGPD — dados pseudonimizados</li><li>Feature: [FT-03.2] Autenticação e autorização (Auth/RBAC Service). Épico: [EP-03] Portão Único SOA: forward-api-java</li></ul><p><b>Critérios de Pronto (DoD)</b></p><ol><li>Todos os cenários Gherkin do critério de aceite verificados e evidenciados (teste automatizado, relatório ou roteiro com prints).</li><li>Código ou artefato revisado em pull request aprovado por outro integrante (CODEOWNERS) e integrado à branch main.</li><li>Pipeline de CI verde: build, testes, lint e verificações de segurança (SAST, SCA e secret scan).</li><li>Testes automatizados para o caminho feliz e para os cenários de erro sempre que o item envolve código.</li><li>Nenhuma vulnerabilidade High/Critical aberta sem aceite formal, nenhum segredo commitado e dados pessoais tratados conforme a LGPD (REQ-05).</li><li>Requisitos de qualidade aplicáveis (REQ-01 a REQ-07) atendidos e medidos.</li><li>Documentação atualizada (README, OpenAPI, wiki ou model card) e rastreabilidade ArchiMate mantida nas tags.</li><li>Demonstrado ao Product Owner na Sprint Review e estado atualizado para Done no Azure Boards.</li><li>Testes de rotação e de reuso do refresh token.</li><li>Tempo de vida dos tokens documentado.</li></ol><p><i>Chave de rastreio PBI-034, gerada a partir de forward-docs/academic/qa/sprint3/backlog.json.</i></p>","<p><b>Funcionalidade:</b> Renovação de sessão</p><p><b>Cenário 1: Renovação transparente</b> <i>(caminho feliz)</i><br>&nbsp;&nbsp;<b>Dado</b> um access token prestes a expirar<br>&nbsp;&nbsp;<b>Quando</b> o app chama POST /api/v1/auth/refresh com refresh token válido<br>&nbsp;&nbsp;<b>Então</b> recebe um novo par de tokens<br>&nbsp;&nbsp;<b>E</b> o refresh token anterior deixa de valer</p><p><b>Cenário 2: Refresh token revogado</b> <i>(erro)</i><br>&nbsp;&nbsp;<b>Dado</b> um refresh token revogado no logout<br>&nbsp;&nbsp;<b>Quando</b> ele é reutilizado<br>&nbsp;&nbsp;<b>Então</b> a API responde 401<br>&nbsp;&nbsp;<b>E</b> registra o evento em audit_log</p>"
"","Feature","","[FT-03.3] Contrato REST, documentação e testes da API","","","1","12","80","","","ForwardService","fwd-import; MoSCoW:Must; ArchiMate:REST API (OpenAPI); ArchiMate:forward-api-java; ArchiMate:GitHub Actions CI; REQ-01; REQ-02","<p><b>Objetivo</b><br>API no nível 2 de maturidade REST, erros RFC 7807, OpenAPI com bearer, diagrama, README e testes automatizados com evidências.</p><p><b>Persona principal:</b> Desenvolvedor da Equipe ForwardService</p><p><b>PBIs</b></p><ul><li>[PBI-020] Maturidade REST nível 2: recursos, verbos e códigos de status (Sprint 3, 3 pts, Done)</li><li>[PBI-021] Erros RFC 7807 padronizados e OpenAPI com autenticação bearer (Sprint 3, 2 pts, Done)</li><li>[PBI-022] Testes automatizados da API com relatório de evidências (Sprint 3, 5 pts, Committed)</li><li>[PBI-023] Diagrama de arquitetura SOA e README de execução (Sprint 3, 2 pts, Committed)</li></ul><p><b>Rastreabilidade e planejamento</b></p><ul><li>Elementos ArchiMate: REST API (OpenAPI); forward-api-java; GitHub Actions CI</li><li>Requisitos de qualidade: REQ-01: Latência API p95 &lt; 300ms; REQ-02: Disponibilidade ≥ 99%</li><li>Épico: [EP-03] Portão Único SOA: forward-api-java</li><li>Esforço total: 12 pontos. Prioridade: Must (Priority 1)</li></ul><p><b>Critérios de Pronto (DoD da Feature)</b></p><ol><li>Todos os PBIs filhos em Done ou movidos explicitamente pelo Product Owner.</li><li>Fluxo ponta a ponta da feature demonstrado em ambiente integrado.</li><li>Critérios de aceite da feature verificados na Sprint Review.</li><li>Documentação e diagramas afetados atualizados (README, wiki, views ArchiMate).</li></ol><p><i>Chave de rastreio FT-03.3, gerada a partir de forward-docs/academic/qa/sprint3/backlog.json.</i></p>","<p><b>Funcionalidade:</b> Contrato verificável</p><p><b>Cenário 1: Cada endpoint com teste</b> <i>(caminho feliz)</i><br>&nbsp;&nbsp;<b>Dado</b> o OpenAPI publicado<br>&nbsp;&nbsp;<b>Quando</b> a suíte automatizada roda no CI<br>&nbsp;&nbsp;<b>Então</b> cada endpoint documentado tem teste de sucesso e de erro passando</p><p><b>Cenário 2: Endpoint sem documentação</b> <i>(erro)</i><br>&nbsp;&nbsp;<b>Dado</b> um endpoint novo sem entrada no OpenAPI<br>&nbsp;&nbsp;<b>Quando</b> o PR é revisado<br>&nbsp;&nbsp;<b>Então</b> o PR não é aprovado</p>"
"","Product Backlog Item","","","[PBI-020] Maturidade REST nível 2: recursos, verbos e códigos de status","","1","3","70","","","ForwardService\Sprint 3","fwd-import; MoSCoW:Must; Frente:SOA; ArchiMate:REST API (OpenAPI); ArchiMate:forward-api-java; REQ-01","<p><b>História de usuário</b><br>Como <b>Desenvolvedor da Equipe ForwardService</b>, quero <b>a API no nível 2 de maturidade REST</b>, para <b>que app, painel web e n8n interpretem as respostas de forma previsível</b>.</p><p><b>Contexto técnico</b><br>Recursos com substantivos no plural, verbos HTTP semânticos, 201 com Location nas criações, 204 sem corpo e 400, 401, 403, 404 e 409 conforme o caso.</p><p><b>Planejamento</b></p><ul><li>Sprint: Sprint 3 (03/08/2026 a 27/09/2026)</li><li>Prioridade: Must (MoSCoW) = Priority 1</li><li>Esforço: 3 pontos (Planning Poker, Fibonacci). Valor de negócio: 70</li><li>Responsável: Ruan Melo Vieira</li><li>Ordem de implementação no backlog: 20º</li><li>Predecessoras: PBI-009 API REST em camadas: veículos, clientes, scores e leads</li></ul><p><b>Rastreabilidade TOGAF/ArchiMate</b></p><ul><li>Elementos ArchiMate: REST API (OpenAPI); forward-api-java</li><li>Requisitos de qualidade: REQ-01: Latência API p95 &lt; 300ms</li><li>Feature: [FT-03.3] Contrato REST, documentação e testes da API. Épico: [EP-03] Portão Único SOA: forward-api-java</li></ul><p><b>Critérios de Pronto (DoD)</b></p><ol><li>Todos os cenários Gherkin do critério de aceite verificados e evidenciados (teste automatizado, relatório ou roteiro com prints).</li><li>Código ou artefato revisado em pull request aprovado por outro integrante (CODEOWNERS) e integrado à branch main.</li><li>Pipeline de CI verde: build, testes, lint e verificações de segurança (SAST, SCA e secret scan).</li><li>Testes automatizados para o caminho feliz e para os cenários de erro sempre que o item envolve código.</li><li>Nenhuma vulnerabilidade High/Critical aberta sem aceite formal, nenhum segredo commitado e dados pessoais tratados conforme a LGPD (REQ-05).</li><li>Requisitos de qualidade aplicáveis (REQ-01 a REQ-07) atendidos e medidos.</li><li>Documentação atualizada (README, OpenAPI, wiki ou model card) e rastreabilidade ArchiMate mantida nas tags.</li><li>Demonstrado ao Product Owner na Sprint Review e estado atualizado para Done no Azure Boards.</li><li>Tabela de endpoints e códigos de status atualizada no README e no OpenAPI.</li></ol><p><i>Chave de rastreio PBI-020, gerada a partir de forward-docs/academic/qa/sprint3/backlog.json.</i></p>","<p><b>Funcionalidade:</b> Semântica HTTP da API</p><p><b>Cenário 1: Criação retorna Location</b> <i>(caminho feliz)</i><br>&nbsp;&nbsp;<b>Dado</b> um atendente autenticado<br>&nbsp;&nbsp;<b>Quando</b> ele cria um evento via POST /api/v1/service-events<br>&nbsp;&nbsp;<b>Então</b> a resposta é 201<br>&nbsp;&nbsp;<b>E</b> o cabeçalho Location aponta para /api/v1/service-events/{id}</p><p><b>Cenário 2: Recurso duplicado</b> <i>(erro)</i><br>&nbsp;&nbsp;<b>Dado</b> um evento de serviço já registrado para a mesma ordem de serviço<br>&nbsp;&nbsp;<b>Quando</b> o mesmo POST é reenviado<br>&nbsp;&nbsp;<b>Então</b> a API responde 409 Conflict</p><p><b>Cenário 3: Operação sem conteúdo</b> <i>(caso de borda)</i><br>&nbsp;&nbsp;<b>Dado</b> um recurso existente<br>&nbsp;&nbsp;<b>Quando</b> uma atualização ou remoção é concluída sem conteúdo a retornar<br>&nbsp;&nbsp;<b>Então</b> a API responde 204 sem corpo</p>"
"","Task","","","","[TSK-3.08] Revisar recursos, verbos e códigos de status (201 com Location, 204, 400, 404 e 409)","1","","","0","Development","ForwardService\Sprint 3","fwd-import; Frente:SOA","<p>Padronizar nomes de recursos, verbos HTTP e respostas; adicionar Location nas criações e 409 para duplicidade.</p><ul><li>Atividade: Development</li><li>Estimativa: 5 h. Restante: 0 h. Complexidade: 3 pontos (Fibonacci)</li><li>Responsável: Ruan Melo Vieira</li><li>Predecessoras técnicas: TSK-3.01 Criar perfil demo com H2 em memória e migrations compatíveis</li><li>PBI: [PBI-020] Maturidade REST nível 2: recursos, verbos e códigos de status</li></ul><p><b>Critérios de Pronto da tarefa</b></p><ol><li>Trabalho commitado em branch vinculada ao PBI e revisado por outro integrante.</li><li>Remaining Work zerado e estado Done no taskboard.</li><li>Evidência registrada no PBI quando a tarefa é de teste ou de documentação.</li></ol><p><i>Chave de rastreio TSK-3.08, gerada a partir de forward-docs/academic/qa/sprint3/backlog.json.</i></p>",""
"","Product Backlog Item","","","[PBI-021] Erros RFC 7807 padronizados e OpenAPI com autenticação bearer","","1","2","65","","","ForwardService\Sprint 3","fwd-import; MoSCoW:Must; Frente:SOA; ArchiMate:REST API (OpenAPI); ArchiMate:forward-api-java; REQ-01","<p><b>História de usuário</b><br>Como <b>Desenvolvedor da Equipe ForwardService</b>, quero <b>todos os erros no formato RFC 7807 e o Swagger aceitando token bearer</b>, para <b>depurar e testar a API de forma autônoma</b>.</p><p><b>Contexto técnico</b><br>AuthenticationEntryPoint e AccessDeniedHandler retornam application/problem+json; SecurityScheme bearerAuth (JWT) no OpenAPI; Swagger UI público.</p><p><b>Planejamento</b></p><ul><li>Sprint: Sprint 3 (03/08/2026 a 27/09/2026)</li><li>Prioridade: Must (MoSCoW) = Priority 1</li><li>Esforço: 2 pontos (Planning Poker, Fibonacci). Valor de negócio: 65</li><li>Responsável: Ruan Melo Vieira</li><li>Ordem de implementação no backlog: 21º</li><li>Predecessoras: PBI-019 Autorização por papel (ATENDENTE, GESTOR, ADMIN); PBI-020 Maturidade REST nível 2: recursos, verbos e códigos de status</li></ul><p><b>Rastreabilidade TOGAF/ArchiMate</b></p><ul><li>Elementos ArchiMate: REST API (OpenAPI); forward-api-java</li><li>Requisitos de qualidade: REQ-01: Latência API p95 &lt; 300ms</li><li>Feature: [FT-03.3] Contrato REST, documentação e testes da API. Épico: [EP-03] Portão Único SOA: forward-api-java</li></ul><p><b>Critérios de Pronto (DoD)</b></p><ol><li>Todos os cenários Gherkin do critério de aceite verificados e evidenciados (teste automatizado, relatório ou roteiro com prints).</li><li>Código ou artefato revisado em pull request aprovado por outro integrante (CODEOWNERS) e integrado à branch main.</li><li>Pipeline de CI verde: build, testes, lint e verificações de segurança (SAST, SCA e secret scan).</li><li>Testes automatizados para o caminho feliz e para os cenários de erro sempre que o item envolve código.</li><li>Nenhuma vulnerabilidade High/Critical aberta sem aceite formal, nenhum segredo commitado e dados pessoais tratados conforme a LGPD (REQ-05).</li><li>Requisitos de qualidade aplicáveis (REQ-01 a REQ-07) atendidos e medidos.</li><li>Documentação atualizada (README, OpenAPI, wiki ou model card) e rastreabilidade ArchiMate mantida nas tags.</li><li>Demonstrado ao Product Owner na Sprint Review e estado atualizado para Done no Azure Boards.</li><li>openapi.yaml regenerado e espelhado em forward-docs/api.</li></ol><p><i>Chave de rastreio PBI-021, gerada a partir de forward-docs/academic/qa/sprint3/backlog.json.</i></p>","<p><b>Funcionalidade:</b> Erros e documentação padronizados</p><p><b>Cenário 1: Testar pelo Swagger com token</b> <i>(caminho feliz)</i><br>&nbsp;&nbsp;<b>Dado</b> um token obtido em POST /api/v1/auth/login<br>&nbsp;&nbsp;<b>Quando</b> o desenvolvedor usa Authorize no Swagger UI e informa o token<br>&nbsp;&nbsp;<b>Então</b> as chamadas aos endpoints protegidos retornam 200</p><p><b>Cenário 2: 401 no formato padrão</b> <i>(erro)</i><br>&nbsp;&nbsp;<b>Dado</b> uma requisição sem token<br>&nbsp;&nbsp;<b>Quando</b> ela chega a um endpoint protegido<br>&nbsp;&nbsp;<b>Então</b> o corpo contém type, title, status 401 e detail<br>&nbsp;&nbsp;<b>E</b> o Content-Type é application/problem+json</p><p><b>Cenário 3: Erro inesperado</b> <i>(caso de borda)</i><br>&nbsp;&nbsp;<b>Dado</b> uma exceção não tratada na camada de serviço<br>&nbsp;&nbsp;<b>Quando</b> o handler global a intercepta<br>&nbsp;&nbsp;<b>Então</b> a resposta é 500 em RFC 7807 sem stack trace</p>"
"","Task","","","","[TSK-3.09] Handlers de 401 e 403 em application/problem+json","1","","","0","Development","ForwardService\Sprint 3","fwd-import; Frente:SOA","<p>Implementar AuthenticationEntryPoint e AccessDeniedHandler no formato RFC 7807.</p><ul><li>Atividade: Development</li><li>Estimativa: 3 h. Restante: 0 h. Complexidade: 2 pontos (Fibonacci)</li><li>Responsável: Ruan Melo Vieira</li><li>Predecessoras técnicas: TSK-3.07 Aplicar regras de autorização no SecurityFilterChain e em @PreAuthorize</li><li>PBI: [PBI-021] Erros RFC 7807 padronizados e OpenAPI com autenticação bearer</li></ul><p><b>Critérios de Pronto da tarefa</b></p><ol><li>Trabalho commitado em branch vinculada ao PBI e revisado por outro integrante.</li><li>Remaining Work zerado e estado Done no taskboard.</li><li>Evidência registrada no PBI quando a tarefa é de teste ou de documentação.</li></ol><p><i>Chave de rastreio TSK-3.09, gerada a partir de forward-docs/academic/qa/sprint3/backlog.json.</i></p>",""
"","Task","","","","[TSK-3.10] Esquema de segurança bearer no OpenAPI e Swagger UI público","1","","","0","Documentation","ForwardService\Sprint 3","fwd-import; Frente:SOA","<p>Declarar bearerAuth (JWT) no springdoc, liberar o Swagger UI e regenerar o openapi.yaml.</p><ul><li>Atividade: Documentation</li><li>Estimativa: 2 h. Restante: 0 h. Complexidade: 1 pontos (Fibonacci)</li><li>Responsável: Ruan Melo Vieira</li><li>Predecessoras técnicas: TSK-3.09 Handlers de 401 e 403 em application/problem+json</li><li>PBI: [PBI-021] Erros RFC 7807 padronizados e OpenAPI com autenticação bearer</li></ul><p><b>Critérios de Pronto da tarefa</b></p><ol><li>Trabalho commitado em branch vinculada ao PBI e revisado por outro integrante.</li><li>Remaining Work zerado e estado Done no taskboard.</li><li>Evidência registrada no PBI quando a tarefa é de teste ou de documentação.</li></ol><p><i>Chave de rastreio TSK-3.10, gerada a partir de forward-docs/academic/qa/sprint3/backlog.json.</i></p>",""
"","Product Backlog Item","","","[PBI-022] Testes automatizados da API com relatório de evidências","","1","5","80","","","ForwardService\Sprint 3","fwd-import; MoSCoW:Must; Frente:SOA; ArchiMate:forward-api-java; ArchiMate:GitHub Actions CI; REQ-01; REQ-02","<p><b>História de usuário</b><br>Como <b>Product Owner</b>, quero <b>testes automatizados cobrindo sucesso, erro, 401 e 403 com relatório publicado</b>, para <b>comprovar a qualidade da API a cada entrega</b>.</p><p><b>Contexto técnico</b><br>Testes de integração com MockMvc no perfil de teste; relatórios Surefire e JaCoCo publicados como artefato do GitHub Actions.</p><p><b>Planejamento</b></p><ul><li>Sprint: Sprint 3 (03/08/2026 a 27/09/2026)</li><li>Prioridade: Must (MoSCoW) = Priority 1</li><li>Esforço: 5 pontos (Planning Poker, Fibonacci). Valor de negócio: 80</li><li>Responsável: Ruan Melo Vieira</li><li>Ordem de implementação no backlog: 22º</li><li>Predecessoras: PBI-017 Perfil demo autocontido (H2 + seed) substituindo o Supabase removido; PBI-021 Erros RFC 7807 padronizados e OpenAPI com autenticação bearer</li></ul><p><b>Rastreabilidade TOGAF/ArchiMate</b></p><ul><li>Elementos ArchiMate: forward-api-java; GitHub Actions CI</li><li>Requisitos de qualidade: REQ-01: Latência API p95 &lt; 300ms; REQ-02: Disponibilidade ≥ 99%</li><li>Feature: [FT-03.3] Contrato REST, documentação e testes da API. Épico: [EP-03] Portão Único SOA: forward-api-java</li></ul><p><b>Critérios de Pronto (DoD)</b></p><ol><li>Todos os cenários Gherkin do critério de aceite verificados e evidenciados (teste automatizado, relatório ou roteiro com prints).</li><li>Código ou artefato revisado em pull request aprovado por outro integrante (CODEOWNERS) e integrado à branch main.</li><li>Pipeline de CI verde: build, testes, lint e verificações de segurança (SAST, SCA e secret scan).</li><li>Testes automatizados para o caminho feliz e para os cenários de erro sempre que o item envolve código.</li><li>Nenhuma vulnerabilidade High/Critical aberta sem aceite formal, nenhum segredo commitado e dados pessoais tratados conforme a LGPD (REQ-05).</li><li>Requisitos de qualidade aplicáveis (REQ-01 a REQ-07) atendidos e medidos.</li><li>Documentação atualizada (README, OpenAPI, wiki ou model card) e rastreabilidade ArchiMate mantida nas tags.</li><li>Demonstrado ao Product Owner na Sprint Review e estado atualizado para Done no Azure Boards.</li><li>Relatório anexado à entrega de SOA.</li><li>Cada endpoint com pelo menos um teste de erro.</li></ol><p><i>Chave de rastreio PBI-022, gerada a partir de forward-docs/academic/qa/sprint3/backlog.json.</i></p>","<p><b>Funcionalidade:</b> Evidência de qualidade da API</p><p><b>Cenário 1: Suíte verde no CI</b> <i>(caminho feliz)</i><br>&nbsp;&nbsp;<b>Dado</b> um pull request na forward-api-java<br>&nbsp;&nbsp;<b>Quando</b> o pipeline executa os testes<br>&nbsp;&nbsp;<b>Então</b> os cenários de sucesso, erro, 401 e 403 passam<br>&nbsp;&nbsp;<b>E</b> o relatório fica disponível como artefato do build</p><p><b>Cenário 2: Regressão de segurança bloqueia o merge</b> <i>(erro)</i><br>&nbsp;&nbsp;<b>Dado</b> uma alteração que faz um endpoint protegido responder 200 sem token<br>&nbsp;&nbsp;<b>Quando</b> o pipeline roda<br>&nbsp;&nbsp;<b>Então</b> o teste de 401 falha<br>&nbsp;&nbsp;<b>E</b> o merge fica bloqueado</p><p><b>Cenário 3: Cobertura mínima</b> <i>(caso de borda)</i><br>&nbsp;&nbsp;<b>Dado</b> o relatório do JaCoCo<br>&nbsp;&nbsp;<b>Quando</b> a cobertura de linhas da camada web fica abaixo de 70%<br>&nbsp;&nbsp;<b>Então</b> o build sinaliza falha de qualidade</p>"
"","Task","","","","[TSK-3.11] Testes de integração MockMvc: sucesso, validação, 401 e 403 por endpoint","1","","","3","Testing","ForwardService\Sprint 3","fwd-import; Frente:SOA","<p>Escrever a suíte de integração no perfil de teste cobrindo cada endpoint da API.</p><ul><li>Atividade: Testing</li><li>Estimativa: 8 h. Restante: 3 h. Complexidade: 5 pontos (Fibonacci)</li><li>Responsável: Ruan Melo Vieira</li><li>Predecessoras técnicas: TSK-3.08 Revisar recursos, verbos e códigos de status (201 com Location, 204, 400, 404 e 409); TSK-3.09 Handlers de 401 e 403 em application/problem+json</li><li>PBI: [PBI-022] Testes automatizados da API com relatório de evidências</li></ul><p><b>Critérios de Pronto da tarefa</b></p><ol><li>Trabalho commitado em branch vinculada ao PBI e revisado por outro integrante.</li><li>Remaining Work zerado e estado Done no taskboard.</li><li>Evidência registrada no PBI quando a tarefa é de teste ou de documentação.</li></ol><p><i>Chave de rastreio TSK-3.11, gerada a partir de forward-docs/academic/qa/sprint3/backlog.json.</i></p>",""
"","Task","","","","[TSK-3.12] Publicar relatórios Surefire e JaCoCo como artefato do CI","1","","","3","Deployment","ForwardService\Sprint 3","fwd-import; Frente:SOA","<p>Configurar o workflow para anexar os relatórios e falhar abaixo da cobertura mínima.</p><ul><li>Atividade: Deployment</li><li>Estimativa: 3 h. Restante: 3 h. Complexidade: 2 pontos (Fibonacci)</li><li>Responsável: Ruan Melo Vieira</li><li>Predecessoras técnicas: TSK-3.11 Testes de integração MockMvc: sucesso, validação, 401 e 403 por endpoint</li><li>PBI: [PBI-022] Testes automatizados da API com relatório de evidências</li></ul><p><b>Critérios de Pronto da tarefa</b></p><ol><li>Trabalho commitado em branch vinculada ao PBI e revisado por outro integrante.</li><li>Remaining Work zerado e estado Done no taskboard.</li><li>Evidência registrada no PBI quando a tarefa é de teste ou de documentação.</li></ol><p><i>Chave de rastreio TSK-3.12, gerada a partir de forward-docs/academic/qa/sprint3/backlog.json.</i></p>",""
"","Product Backlog Item","","","[PBI-023] Diagrama de arquitetura SOA e README de execução","","1","2","60","","","ForwardService\Sprint 3","fwd-import; MoSCoW:Must; Frente:SOA; ArchiMate:forward-api-java; ArchiMate:SOA — Portão Único; REQ-06","<p><b>História de usuário</b><br>Como <b>Banca avaliadora FIAP x Ford</b>, quero <b>um diagrama da arquitetura e um README que ensina a executar e testar a API</b>, para <b>avaliar a solução sem ajuda do time</b>.</p><p><b>Contexto técnico</b><br>Diagrama (Mermaid) com camadas, componentes e fluxo do JWT; README com perfil demo, credenciais de teste, exemplos curl e matriz de papéis.</p><p><b>Planejamento</b></p><ul><li>Sprint: Sprint 3 (03/08/2026 a 27/09/2026)</li><li>Prioridade: Must (MoSCoW) = Priority 1</li><li>Esforço: 2 pontos (Planning Poker, Fibonacci). Valor de negócio: 60</li><li>Responsável: Ruan Melo Vieira</li><li>Ordem de implementação no backlog: 23º</li><li>Predecessoras: PBI-017 Perfil demo autocontido (H2 + seed) substituindo o Supabase removido; PBI-019 Autorização por papel (ATENDENTE, GESTOR, ADMIN)</li></ul><p><b>Rastreabilidade TOGAF/ArchiMate</b></p><ul><li>Elementos ArchiMate: forward-api-java; SOA — Portão Único</li><li>Requisitos de qualidade: REQ-06: Onboarding atendente &lt; 15 min</li><li>Feature: [FT-03.3] Contrato REST, documentação e testes da API. Épico: [EP-03] Portão Único SOA: forward-api-java</li></ul><p><b>Critérios de Pronto (DoD)</b></p><ol><li>Todos os cenários Gherkin do critério de aceite verificados e evidenciados (teste automatizado, relatório ou roteiro com prints).</li><li>Código ou artefato revisado em pull request aprovado por outro integrante (CODEOWNERS) e integrado à branch main.</li><li>Pipeline de CI verde: build, testes, lint e verificações de segurança (SAST, SCA e secret scan).</li><li>Testes automatizados para o caminho feliz e para os cenários de erro sempre que o item envolve código.</li><li>Nenhuma vulnerabilidade High/Critical aberta sem aceite formal, nenhum segredo commitado e dados pessoais tratados conforme a LGPD (REQ-05).</li><li>Requisitos de qualidade aplicáveis (REQ-01 a REQ-07) atendidos e medidos.</li><li>Documentação atualizada (README, OpenAPI, wiki ou model card) e rastreabilidade ArchiMate mantida nas tags.</li><li>Demonstrado ao Product Owner na Sprint Review e estado atualizado para Done no Azure Boards.</li><li>Diagrama renderizado no GitHub.</li><li>Links do Swagger e do WSDL no README.</li></ol><p><i>Chave de rastreio PBI-023, gerada a partir de forward-docs/academic/qa/sprint3/backlog.json.</i></p>","<p><b>Funcionalidade:</b> Documentação da API</p><p><b>Cenário 1: Executar seguindo o README</b> <i>(caminho feliz)</i><br>&nbsp;&nbsp;<b>Dado</b> uma pessoa de fora do time<br>&nbsp;&nbsp;<b>Quando</b> ela segue o README do zero<br>&nbsp;&nbsp;<b>Então</b> consegue subir a API, obter um token e chamar um endpoint protegido em até 15 minutos</p><p><b>Cenário 2: Passo desatualizado</b> <i>(erro)</i><br>&nbsp;&nbsp;<b>Dado</b> um comando do README que falha<br>&nbsp;&nbsp;<b>Quando</b> o problema é reportado<br>&nbsp;&nbsp;<b>Então</b> o README é corrigido na mesma sprint</p>"
"","Task","","","","[TSK-3.13] Diagrama de arquitetura SOA com camadas, componentes e fluxo do JWT","1","","","0","Design","ForwardService\Sprint 3","fwd-import; Frente:SOA","<p>Desenhar em Mermaid o portão único, as camadas e o fluxo de autenticação.</p><ul><li>Atividade: Design</li><li>Estimativa: 3 h. Restante: 0 h. Complexidade: 2 pontos (Fibonacci)</li><li>Responsável: Ruan Melo Vieira</li><li>Predecessoras técnicas: TSK-3.07 Aplicar regras de autorização no SecurityFilterChain e em @PreAuthorize</li><li>PBI: [PBI-023] Diagrama de arquitetura SOA e README de execução</li></ul><p><b>Critérios de Pronto da tarefa</b></p><ol><li>Trabalho commitado em branch vinculada ao PBI e revisado por outro integrante.</li><li>Remaining Work zerado e estado Done no taskboard.</li><li>Evidência registrada no PBI quando a tarefa é de teste ou de documentação.</li></ol><p><i>Chave de rastreio TSK-3.13, gerada a partir de forward-docs/academic/qa/sprint3/backlog.json.</i></p>",""
"","Task","","","","[TSK-3.14] README com execução do perfil demo, credenciais de teste e exemplos curl","1","","","1","Documentation","ForwardService\Sprint 3","fwd-import; Frente:SOA","<p>Documentar do zero como subir a API, obter token e chamar endpoints protegidos.</p><ul><li>Atividade: Documentation</li><li>Estimativa: 3 h. Restante: 1 h. Complexidade: 2 pontos (Fibonacci)</li><li>Responsável: Ruan Melo Vieira</li><li>Predecessoras técnicas: TSK-3.02 Seed de demonstração com concessionárias, clientes, veículos, leads e usuários por papel; TSK-3.13 Diagrama de arquitetura SOA com camadas, componentes e fluxo do JWT</li><li>PBI: [PBI-023] Diagrama de arquitetura SOA e README de execução</li></ul><p><b>Critérios de Pronto da tarefa</b></p><ol><li>Trabalho commitado em branch vinculada ao PBI e revisado por outro integrante.</li><li>Remaining Work zerado e estado Done no taskboard.</li><li>Evidência registrada no PBI quando a tarefa é de teste ou de documentação.</li></ol><p><i>Chave de rastreio TSK-3.14, gerada a partir de forward-docs/academic/qa/sprint3/backlog.json.</i></p>",""
"","Epic","[EP-04] Experience Layer: app do atendente e do cliente","","","","1","51","90","","","ForwardService","fwd-import; MoSCoW:Must; ArchiMate:forward-mobile; ArchiMate:Atendente; ArchiMate:Priorizar Leads; ArchiMate:forward-mobile.apk/.ipa; ArchiMate:Expo Push API; ArchiMate:Cliente Ford; REQ-05; REQ-06; REQ-07","<p><b>Objetivo</b><br>App dual-mode que coloca a priorização de leads na mão do atendente e, no roadmap, do cliente.</p><p><b>Hipótese de valor</b><br>Se o atendente tiver a lista priorizada e a ficha completa no celular, então contata primeiro os clientes certos, medido por onboarding em menos de 15 minutos (REQ-06) e uso diário do app.</p><p><b>Métricas de sucesso</b></p><ul><li>REQ-06: onboarding do atendente em menos de 15 minutos.</li><li>Fluxo crítico sem regressão (E2E verde).</li><li>Nota SUS de usabilidade de pelo menos 80.</li></ul><p><b>Features</b></p><ul><li>[FT-04.1] App do atendente (MVP) (13 pts, Done)</li><li>[FT-04.2] Integração segura, primeiro acesso e release do app (25 pts, In Progress)</li><li>[FT-04.3] Engajamento e Modo Cliente (13 pts, New)</li></ul><p><b>Rastreabilidade e planejamento</b></p><ul><li>Pilar: Experience Layer</li><li>Elementos ArchiMate: forward-mobile; Atendente; Priorizar Leads; forward-mobile.apk/.ipa; Expo Push API; Cliente Ford</li><li>Requisitos de qualidade: REQ-05: LGPD — dados pseudonimizados; REQ-06: Onboarding atendente &lt; 15 min; REQ-07: Entrega WhatsApp &lt; 30s</li><li>Esforço total: 51 pontos. Prioridade: Must (Priority 1)</li></ul><p><b>Critérios de Pronto (DoD do Épico)</b></p><ol><li>Features necessárias em Done; as remanescentes repriorizadas pelo Product Owner.</li><li>Métricas de sucesso do épico medidas e registradas na wiki.</li><li>Views ArchiMate atualizadas quando a arquitetura mudou.</li><li>Resultado apresentado aos stakeholders (banca FIAP x Ford) e lições registradas na retrospectiva.</li></ol><p><i>Chave de rastreio EP-04, gerada a partir de forward-docs/academic/qa/sprint3/backlog.json.</i></p>","<p><b>Critérios de aceite do épico</b></p><ul><li>App do atendente publicado em APK com sessão segura.</li><li>Onboarding medido com usuários reais.</li><li>Modo Cliente planejado no mesmo codebase.</li></ul>"
"","Feature","","[FT-04.1] App do atendente (MVP)","","","1","13","90","","","ForwardService","fwd-import; MoSCoW:Must; ArchiMate:forward-mobile; ArchiMate:Priorizar Leads; ArchiMate:Atendente; REQ-06","<p><b>Objetivo</b><br>App Expo e React Native com login, painel do dia, leads priorizados e Vista 360.</p><p><b>Persona principal:</b> Atendente da concessionária</p><p><b>PBIs</b></p><ul><li>[PBI-007] Scaffold do app mobile com login, lista de leads e i18n (Sprint 1, 5 pts, Done)</li><li>[PBI-012] App do atendente: dashboard, leads priorizados e Vista 360 (Sprint 2, 8 pts, Done)</li></ul><p><b>Rastreabilidade e planejamento</b></p><ul><li>Elementos ArchiMate: forward-mobile; Priorizar Leads; Atendente</li><li>Requisitos de qualidade: REQ-06: Onboarding atendente &lt; 15 min</li><li>Épico: [EP-04] Experience Layer: app do atendente e do cliente</li><li>Esforço total: 13 pontos. Prioridade: Must (Priority 1)</li></ul><p><b>Critérios de Pronto (DoD da Feature)</b></p><ol><li>Todos os PBIs filhos em Done ou movidos explicitamente pelo Product Owner.</li><li>Fluxo ponta a ponta da feature demonstrado em ambiente integrado.</li><li>Critérios de aceite da feature verificados na Sprint Review.</li><li>Documentação e diagramas afetados atualizados (README, wiki, views ArchiMate).</li></ol><p><i>Chave de rastreio FT-04.1, gerada a partir de forward-docs/academic/qa/sprint3/backlog.json.</i></p>","<p><b>Funcionalidade:</b> Rotina do atendente</p><p><b>Cenário 1: Leads priorizados no início do dia</b> <i>(caminho feliz)</i><br>&nbsp;&nbsp;<b>Dado</b> um atendente autenticado<br>&nbsp;&nbsp;<b>Quando</b> abre o app no início do dia<br>&nbsp;&nbsp;<b>Então</b> vê os leads priorizados e acessa a ficha de qualquer cliente em até dois toques</p><p><b>Cenário 2: Sem leads para o dia</b> <i>(caso de borda)</i><br>&nbsp;&nbsp;<b>Dado</b> uma concessionária sem leads pendentes<br>&nbsp;&nbsp;<b>Quando</b> o atendente abre o app<br>&nbsp;&nbsp;<b>Então</b> vê um estado vazio explicativo</p>"
"","Product Backlog Item","","","[PBI-007] Scaffold do app mobile com login, lista de leads e i18n","","1","5","70","","","ForwardService\Sprint 1","fwd-import; MoSCoW:Must; Frente:Mobile; ArchiMate:forward-mobile; ArchiMate:Atendente; ArchiMate:Priorizar Leads; REQ-06","<p><b>História de usuário</b><br>Como <b>Atendente da concessionária</b>, quero <b>entrar no app e ver uma lista inicial de leads</b>, para <b>validar cedo a navegação principal do meu dia a dia</b>.</p><p><b>Contexto técnico</b><br>Expo, React Native, TypeScript e Expo Router; i18n pt-BR e inglês desde o início; dados mockados até a API ficar pronta.</p><p><b>Planejamento</b></p><ul><li>Sprint: Sprint 1 (02/03/2026 a 19/04/2026)</li><li>Prioridade: Must (MoSCoW) = Priority 1</li><li>Esforço: 5 pontos (Planning Poker, Fibonacci). Valor de negócio: 70</li><li>Responsável: João Victor Franco</li><li>Ordem de implementação no backlog: 7º</li><li>Predecessoras: PBI-001 Setup do time: papéis Scrum, organização GitHub, repositórios e CI mínimo</li></ul><p><b>Rastreabilidade TOGAF/ArchiMate</b></p><ul><li>Elementos ArchiMate: forward-mobile; Atendente; Priorizar Leads</li><li>Requisitos de qualidade: REQ-06: Onboarding atendente &lt; 15 min</li><li>Feature: [FT-04.1] App do atendente (MVP). Épico: [EP-04] Experience Layer: app do atendente e do cliente</li></ul><p><b>Critérios de Pronto (DoD)</b></p><ol><li>Todos os cenários Gherkin do critério de aceite verificados e evidenciados (teste automatizado, relatório ou roteiro com prints).</li><li>Código ou artefato revisado em pull request aprovado por outro integrante (CODEOWNERS) e integrado à branch main.</li><li>Pipeline de CI verde: build, testes, lint e verificações de segurança (SAST, SCA e secret scan).</li><li>Testes automatizados para o caminho feliz e para os cenários de erro sempre que o item envolve código.</li><li>Nenhuma vulnerabilidade High/Critical aberta sem aceite formal, nenhum segredo commitado e dados pessoais tratados conforme a LGPD (REQ-05).</li><li>Requisitos de qualidade aplicáveis (REQ-01 a REQ-07) atendidos e medidos.</li><li>Documentação atualizada (README, OpenAPI, wiki ou model card) e rastreabilidade ArchiMate mantida nas tags.</li><li>Demonstrado ao Product Owner na Sprint Review e estado atualizado para Done no Azure Boards.</li><li>Rotas com Expo Router.</li><li>Build de desenvolvimento executando no Expo Go.</li></ol><p><b>Evidência de entrega</b><br>fwd-ford/forward-mobile (scaffold com auth, leads e i18n).</p><p><i>Chave de rastreio PBI-007, gerada a partir de forward-docs/academic/qa/sprint3/backlog.json.</i></p>","<p><b>Funcionalidade:</b> Navegação inicial do app</p><p><b>Cenário 1: Login leva à lista de leads</b> <i>(caminho feliz)</i><br>&nbsp;&nbsp;<b>Dado</b> um atendente com credenciais de teste<br>&nbsp;&nbsp;<b>Quando</b> ele faz login no app<br>&nbsp;&nbsp;<b>Então</b> é direcionado à aba de leads com a lista carregada</p><p><b>Cenário 2: Credencial inválida</b> <i>(erro)</i><br>&nbsp;&nbsp;<b>Dado</b> um e-mail ou senha incorretos<br>&nbsp;&nbsp;<b>Quando</b> o atendente tenta entrar<br>&nbsp;&nbsp;<b>Então</b> o app exibe uma mensagem de erro amigável<br>&nbsp;&nbsp;<b>E</b> permanece na tela de login</p><p><b>Cenário 3: Idioma do aparelho</b> <i>(caso de borda)</i><br>&nbsp;&nbsp;<b>Dado</b> um aparelho configurado em inglês<br>&nbsp;&nbsp;<b>Quando</b> o app é aberto<br>&nbsp;&nbsp;<b>Então</b> os textos aparecem em inglês<br>&nbsp;&nbsp;<b>E</b> aparelhos em português usam pt-BR como padrão</p>"
"","Product Backlog Item","","","[PBI-012] App do atendente: dashboard, leads priorizados e Vista 360","","1","8","90","","","ForwardService\Sprint 2","fwd-import; MoSCoW:Must; Frente:Mobile; ArchiMate:forward-mobile; ArchiMate:Priorizar Leads; ArchiMate:Atendente; ArchiMate:Serviço de Leads; REQ-06","<p><b>História de usuário</b><br>Como <b>Atendente da concessionária</b>, quero <b>ver no app um painel do dia, a lista de leads com filtros e a ficha completa do cliente</b>, para <b>saber quem contatar primeiro e por quê</b>.</p><p><b>Contexto técnico</b><br>Home com KPIs, lista com filtros (críticos, hoje, esquecidos há mais de 30 dias), busca por VIN ou motivo, detalhe do lead (Vista 360 v1) e perfil com tema claro/escuro e idioma, consumindo a forward-api-java.</p><p><b>Planejamento</b></p><ul><li>Sprint: Sprint 2 (20/04/2026 a 24/05/2026)</li><li>Prioridade: Must (MoSCoW) = Priority 1</li><li>Esforço: 8 pontos (Planning Poker, Fibonacci). Valor de negócio: 90</li><li>Responsável: João Victor Franco</li><li>Ordem de implementação no backlog: 12º</li><li>Predecessoras: PBI-007 Scaffold do app mobile com login, lista de leads e i18n; PBI-009 API REST em camadas: veículos, clientes, scores e leads</li></ul><p><b>Rastreabilidade TOGAF/ArchiMate</b></p><ul><li>Elementos ArchiMate: forward-mobile; Priorizar Leads; Atendente; Serviço de Leads</li><li>Requisitos de qualidade: REQ-06: Onboarding atendente &lt; 15 min</li><li>Feature: [FT-04.1] App do atendente (MVP). Épico: [EP-04] Experience Layer: app do atendente e do cliente</li></ul><p><b>Critérios de Pronto (DoD)</b></p><ol><li>Todos os cenários Gherkin do critério de aceite verificados e evidenciados (teste automatizado, relatório ou roteiro com prints).</li><li>Código ou artefato revisado em pull request aprovado por outro integrante (CODEOWNERS) e integrado à branch main.</li><li>Pipeline de CI verde: build, testes, lint e verificações de segurança (SAST, SCA e secret scan).</li><li>Testes automatizados para o caminho feliz e para os cenários de erro sempre que o item envolve código.</li><li>Nenhuma vulnerabilidade High/Critical aberta sem aceite formal, nenhum segredo commitado e dados pessoais tratados conforme a LGPD (REQ-05).</li><li>Requisitos de qualidade aplicáveis (REQ-01 a REQ-07) atendidos e medidos.</li><li>Documentação atualizada (README, OpenAPI, wiki ou model card) e rastreabilidade ArchiMate mantida nas tags.</li><li>Demonstrado ao Product Owner na Sprint Review e estado atualizado para Done no Azure Boards.</li><li>Testado em Android e iOS via Expo Go.</li><li>Alvos de toque com no mínimo 44 pt.</li></ol><p><b>Evidência de entrega</b><br>forward-mobile PRs #13 a #26 e #60 (README da Sprint 1).</p><p><i>Chave de rastreio PBI-012, gerada a partir de forward-docs/academic/qa/sprint3/backlog.json.</i></p>","<p><b>Funcionalidade:</b> Priorização de leads no app</p><p><b>Cenário 1: Filtro de leads críticos</b> <i>(caminho feliz)</i><br>&nbsp;&nbsp;<b>Dado</b> a lista de leads carregada<br>&nbsp;&nbsp;<b>Quando</b> o atendente seleciona o filtro Críticos<br>&nbsp;&nbsp;<b>Então</b> apenas leads de prioridade crítica são exibidos<br>&nbsp;&nbsp;<b>E</b> o chip mostra a contagem de itens</p><p><b>Cenário 2: Ficha do cliente (Vista 360)</b> <i>(caminho feliz)</i><br>&nbsp;&nbsp;<b>Dado</b> um lead na lista<br>&nbsp;&nbsp;<b>Quando</b> o atendente toca no card<br>&nbsp;&nbsp;<b>Então</b> a ficha mostra o cliente, o motivo humanizado do score, o pipeline esperado e as ações</p><p><b>Cenário 3: Falha de rede</b> <i>(erro)</i><br>&nbsp;&nbsp;<b>Dado</b> a API indisponível<br>&nbsp;&nbsp;<b>Quando</b> a lista é atualizada<br>&nbsp;&nbsp;<b>Então</b> o app mostra um banner de erro com a opção de tentar novamente</p>"
"","Feature","","[FT-04.2] Integração segura, primeiro acesso e release do app","","","1","25","85","","","ForwardService","fwd-import; MoSCoW:Must; ArchiMate:forward-mobile; ArchiMate:forward-mobile.apk/.ipa; ArchiMate:Auth/RBAC Service; REQ-05; REQ-06","<p><b>Objetivo</b><br>Sessão JWT segura, modo offline, release APK, onboarding com consentimento e testes E2E.</p><p><b>Persona principal:</b> Atendente da concessionária</p><p><b>PBIs</b></p><ul><li>[PBI-024] App consome a API com JWT guardado no SecureStore (Sprint 3, 5 pts, Done)</li><li>[PBI-025] Modo demo/offline com dados de fallback (Sprint 3, 2 pts, Done)</li><li>[PBI-026] Release APK com identidade visual consolidada e README ilustrado (Sprint 3, 5 pts, Committed)</li><li>[PBI-037] Primeiro acesso: consentimento LGPD e onboarding guiado (Sprint 4, 8 pts, Approved)</li><li>[PBI-038] Testes E2E do fluxo crítico do app (Sprint 4, 5 pts, Approved)</li></ul><p><b>Rastreabilidade e planejamento</b></p><ul><li>Elementos ArchiMate: forward-mobile; forward-mobile.apk/.ipa; Auth/RBAC Service</li><li>Requisitos de qualidade: REQ-05: LGPD — dados pseudonimizados; REQ-06: Onboarding atendente &lt; 15 min</li><li>Épico: [EP-04] Experience Layer: app do atendente e do cliente</li><li>Esforço total: 25 pontos. Prioridade: Must (Priority 1)</li></ul><p><b>Critérios de Pronto (DoD da Feature)</b></p><ol><li>Todos os PBIs filhos em Done ou movidos explicitamente pelo Product Owner.</li><li>Fluxo ponta a ponta da feature demonstrado em ambiente integrado.</li><li>Critérios de aceite da feature verificados na Sprint Review.</li><li>Documentação e diagramas afetados atualizados (README, wiki, views ArchiMate).</li></ol><p><i>Chave de rastreio FT-04.2, gerada a partir de forward-docs/academic/qa/sprint3/backlog.json.</i></p>","<p><b>Funcionalidade:</b> App pronto para avaliação</p><p><b>Cenário 1: Avaliação autônoma do app</b> <i>(caminho feliz)</i><br>&nbsp;&nbsp;<b>Dado</b> o APK de release<br>&nbsp;&nbsp;<b>Quando</b> um avaliador instala e usa o app<br>&nbsp;&nbsp;<b>Então</b> consegue entrar, navegar e entender o app sem apoio do time, com a sessão protegida</p><p><b>Cenário 2: Sessão comprometida</b> <i>(erro)</i><br>&nbsp;&nbsp;<b>Dado</b> um token revogado<br>&nbsp;&nbsp;<b>Quando</b> o app tenta usá-lo<br>&nbsp;&nbsp;<b>Então</b> a sessão é encerrada imediatamente</p>"
"","Product Backlog Item","","","[PBI-024] App consome a API com JWT guardado no SecureStore","","1","5","90","","","ForwardService\Sprint 3","fwd-import; MoSCoW:Must; Frente:Mobile; ArchiMate:forward-mobile; ArchiMate:Auth/RBAC Service; REQ-05; REQ-06","<p><b>História de usuário</b><br>Como <b>Atendente da concessionária</b>, quero <b>que o app mantenha minha sessão de forma segura</b>, para <b>não precisar entrar a cada uso nem expor meu token</b>.</p><p><b>Contexto técnico</b><br>O cliente HTTP envia Authorization: Bearer; o token fica no expo-secure-store; respostas 401 ou expiração encerram a sessão com aviso.</p><p><b>Planejamento</b></p><ul><li>Sprint: Sprint 3 (03/08/2026 a 27/09/2026)</li><li>Prioridade: Must (MoSCoW) = Priority 1</li><li>Esforço: 5 pontos (Planning Poker, Fibonacci). Valor de negócio: 90</li><li>Responsável: João Victor Franco</li><li>Ordem de implementação no backlog: 24º</li><li>Predecessoras: PBI-018 Emissão de JWT próprio no login da API</li></ul><p><b>Rastreabilidade TOGAF/ArchiMate</b></p><ul><li>Elementos ArchiMate: forward-mobile; Auth/RBAC Service</li><li>Requisitos de qualidade: REQ-05: LGPD — dados pseudonimizados; REQ-06: Onboarding atendente &lt; 15 min</li><li>Feature: [FT-04.2] Integração segura, primeiro acesso e release do app. Épico: [EP-04] Experience Layer: app do atendente e do cliente</li></ul><p><b>Critérios de Pronto (DoD)</b></p><ol><li>Todos os cenários Gherkin do critério de aceite verificados e evidenciados (teste automatizado, relatório ou roteiro com prints).</li><li>Código ou artefato revisado em pull request aprovado por outro integrante (CODEOWNERS) e integrado à branch main.</li><li>Pipeline de CI verde: build, testes, lint e verificações de segurança (SAST, SCA e secret scan).</li><li>Testes automatizados para o caminho feliz e para os cenários de erro sempre que o item envolve código.</li><li>Nenhuma vulnerabilidade High/Critical aberta sem aceite formal, nenhum segredo commitado e dados pessoais tratados conforme a LGPD (REQ-05).</li><li>Requisitos de qualidade aplicáveis (REQ-01 a REQ-07) atendidos e medidos.</li><li>Documentação atualizada (README, OpenAPI, wiki ou model card) e rastreabilidade ArchiMate mantida nas tags.</li><li>Demonstrado ao Product Owner na Sprint Review e estado atualizado para Done no Azure Boards.</li><li>Testado em emulador Android.</li><li>Nenhum log imprime o token.</li></ol><p><i>Chave de rastreio PBI-024, gerada a partir de forward-docs/academic/qa/sprint3/backlog.json.</i></p>","<p><b>Funcionalidade:</b> Sessão segura no app</p><p><b>Cenário 1: Sessão persistida</b> <i>(caminho feliz)</i><br>&nbsp;&nbsp;<b>Dado</b> um atendente que fez login<br>&nbsp;&nbsp;<b>Quando</b> ele fecha e reabre o app antes da expiração do token<br>&nbsp;&nbsp;<b>Então</b> continua autenticado na lista de leads</p><p><b>Cenário 2: Token expirado</b> <i>(erro)</i><br>&nbsp;&nbsp;<b>Dado</b> um token expirado<br>&nbsp;&nbsp;<b>Quando</b> o app recebe 401 da API<br>&nbsp;&nbsp;<b>Então</b> a sessão é removida do SecureStore<br>&nbsp;&nbsp;<b>E</b> o atendente volta ao login com a mensagem de sessão expirada</p><p><b>Cenário 3: Token fora do armazenamento comum</b> <i>(caso de borda)</i><br>&nbsp;&nbsp;<b>Dado</b> o app instalado com uma sessão ativa<br>&nbsp;&nbsp;<b>Quando</b> o AsyncStorage é inspecionado<br>&nbsp;&nbsp;<b>Então</b> nenhum token de acesso é encontrado nele</p>"
"","Task","","","","[TSK-3.15] Cliente HTTP com bearer token e armazenamento no expo-secure-store","1","","","0","Development","ForwardService\Sprint 3","fwd-import; Frente:Mobile","<p>Trocar a autenticação externa pelo login da API e guardar o token no SecureStore.</p><ul><li>Atividade: Development</li><li>Estimativa: 5 h. Restante: 0 h. Complexidade: 3 pontos (Fibonacci)</li><li>Responsável: João Victor Franco</li><li>Predecessoras técnicas: TSK-3.03 Endpoint POST /api/v1/auth/login com BCrypt e emissão de JWT HS256</li><li>PBI: [PBI-024] App consome a API com JWT guardado no SecureStore</li></ul><p><b>Critérios de Pronto da tarefa</b></p><ol><li>Trabalho commitado em branch vinculada ao PBI e revisado por outro integrante.</li><li>Remaining Work zerado e estado Done no taskboard.</li><li>Evidência registrada no PBI quando a tarefa é de teste ou de documentação.</li></ol><p><i>Chave de rastreio TSK-3.15, gerada a partir de forward-docs/academic/qa/sprint3/backlog.json.</i></p>",""
"","Task","","","","[TSK-3.16] Tratar 401 e expiração: limpar a sessão e voltar ao login com aviso","1","","","0","Development","ForwardService\Sprint 3","fwd-import; Frente:Mobile","<p>Interceptar respostas 401, remover o token e exibir a mensagem de sessão expirada.</p><ul><li>Atividade: Development</li><li>Estimativa: 3 h. Restante: 0 h. Complexidade: 2 pontos (Fibonacci)</li><li>Responsável: João Victor Franco</li><li>Predecessoras técnicas: TSK-3.15 Cliente HTTP com bearer token e armazenamento no expo-secure-store</li><li>PBI: [PBI-024] App consome a API com JWT guardado no SecureStore</li></ul><p><b>Critérios de Pronto da tarefa</b></p><ol><li>Trabalho commitado em branch vinculada ao PBI e revisado por outro integrante.</li><li>Remaining Work zerado e estado Done no taskboard.</li><li>Evidência registrada no PBI quando a tarefa é de teste ou de documentação.</li></ol><p><i>Chave de rastreio TSK-3.16, gerada a partir de forward-docs/academic/qa/sprint3/backlog.json.</i></p>",""
"","Product Backlog Item","","","[PBI-025] Modo demo/offline com dados de fallback","","2","2","60","","","ForwardService\Sprint 3","fwd-import; MoSCoW:Should; Frente:Mobile; ArchiMate:forward-mobile; REQ-02; REQ-06","<p><b>História de usuário</b><br>Como <b>Atendente da concessionária</b>, quero <b>continuar vendo leads quando a rede ou a API falham</b>, para <b>não parar o atendimento em uma apresentação ou com Wi-Fi instável</b>.</p><p><b>Contexto técnico</b><br>Fallback para dados de demonstração com banner indicando o modo; retorno automático ao modo online quando a API volta a responder.</p><p><b>Planejamento</b></p><ul><li>Sprint: Sprint 3 (03/08/2026 a 27/09/2026)</li><li>Prioridade: Should (MoSCoW) = Priority 2</li><li>Esforço: 2 pontos (Planning Poker, Fibonacci). Valor de negócio: 60</li><li>Responsável: João Victor Franco</li><li>Ordem de implementação no backlog: 25º</li><li>Predecessoras: PBI-024 App consome a API com JWT guardado no SecureStore</li></ul><p><b>Rastreabilidade TOGAF/ArchiMate</b></p><ul><li>Elementos ArchiMate: forward-mobile</li><li>Requisitos de qualidade: REQ-02: Disponibilidade ≥ 99%; REQ-06: Onboarding atendente &lt; 15 min</li><li>Feature: [FT-04.2] Integração segura, primeiro acesso e release do app. Épico: [EP-04] Experience Layer: app do atendente e do cliente</li></ul><p><b>Critérios de Pronto (DoD)</b></p><ol><li>Todos os cenários Gherkin do critério de aceite verificados e evidenciados (teste automatizado, relatório ou roteiro com prints).</li><li>Código ou artefato revisado em pull request aprovado por outro integrante (CODEOWNERS) e integrado à branch main.</li><li>Pipeline de CI verde: build, testes, lint e verificações de segurança (SAST, SCA e secret scan).</li><li>Testes automatizados para o caminho feliz e para os cenários de erro sempre que o item envolve código.</li><li>Nenhuma vulnerabilidade High/Critical aberta sem aceite formal, nenhum segredo commitado e dados pessoais tratados conforme a LGPD (REQ-05).</li><li>Requisitos de qualidade aplicáveis (REQ-01 a REQ-07) atendidos e medidos.</li><li>Documentação atualizada (README, OpenAPI, wiki ou model card) e rastreabilidade ArchiMate mantida nas tags.</li><li>Demonstrado ao Product Owner na Sprint Review e estado atualizado para Done no Azure Boards.</li><li>Dados de demonstração sem PII real.</li></ol><p><i>Chave de rastreio PBI-025, gerada a partir de forward-docs/academic/qa/sprint3/backlog.json.</i></p>","<p><b>Funcionalidade:</b> Resiliência do app</p><p><b>Cenário 1: Fallback com aviso</b> <i>(caminho feliz)</i><br>&nbsp;&nbsp;<b>Dado</b> a API indisponível<br>&nbsp;&nbsp;<b>Quando</b> o atendente abre a lista de leads<br>&nbsp;&nbsp;<b>Então</b> o app mostra dados de demonstração<br>&nbsp;&nbsp;<b>E</b> exibe o banner de modo demonstração</p><p><b>Cenário 2: Retorno ao modo online</b> <i>(caso de borda)</i><br>&nbsp;&nbsp;<b>Dado</b> o app em modo demonstração<br>&nbsp;&nbsp;<b>Quando</b> a API volta a responder<br>&nbsp;&nbsp;<b>Então</b> a próxima atualização carrega dados reais<br>&nbsp;&nbsp;<b>E</b> o banner desaparece</p><p><b>Cenário 3: Escrita bloqueada em modo demonstração</b> <i>(erro)</i><br>&nbsp;&nbsp;<b>Dado</b> o app em modo demonstração<br>&nbsp;&nbsp;<b>Quando</b> o atendente tenta registrar um contato<br>&nbsp;&nbsp;<b>Então</b> a ação é bloqueada com a explicação do modo</p>"
"","Task","","","","[TSK-3.17] Fallback para dados de demonstração com banner quando a API não responde","2","","","0","Development","ForwardService\Sprint 3","fwd-import; Frente:Mobile","<p>Detectar indisponibilidade, carregar dados demo sem PII e bloquear ações de escrita no modo demo.</p><ul><li>Atividade: Development</li><li>Estimativa: 4 h. Restante: 0 h. Complexidade: 2 pontos (Fibonacci)</li><li>Responsável: João Victor Franco</li><li>Predecessoras técnicas: TSK-3.15 Cliente HTTP com bearer token e armazenamento no expo-secure-store</li><li>PBI: [PBI-025] Modo demo/offline com dados de fallback</li></ul><p><b>Critérios de Pronto da tarefa</b></p><ol><li>Trabalho commitado em branch vinculada ao PBI e revisado por outro integrante.</li><li>Remaining Work zerado e estado Done no taskboard.</li><li>Evidência registrada no PBI quando a tarefa é de teste ou de documentação.</li></ol><p><i>Chave de rastreio TSK-3.17, gerada a partir de forward-docs/academic/qa/sprint3/backlog.json.</i></p>",""
"","Product Backlog Item","","","[PBI-026] Release APK com identidade visual consolidada e README ilustrado","","1","5","80","","","ForwardService\Sprint 3","fwd-import; MoSCoW:Must; Frente:Mobile; ArchiMate:forward-mobile; ArchiMate:forward-mobile.apk/.ipa; REQ-06","<p><b>História de usuário</b><br>Como <b>Banca avaliadora FIAP x Ford</b>, quero <b>instalar um APK de release e ver o README com todas as telas</b>, para <b>avaliar o app sem configurar ambiente de desenvolvimento</b>.</p><p><b>Contexto técnico</b><br>Build de release (Gradle ou EAS) com ícone, splash e tokens visuais consolidados; teste em emulador Android; README com screenshots de todas as telas.</p><p><b>Planejamento</b></p><ul><li>Sprint: Sprint 3 (03/08/2026 a 27/09/2026)</li><li>Prioridade: Must (MoSCoW) = Priority 1</li><li>Esforço: 5 pontos (Planning Poker, Fibonacci). Valor de negócio: 80</li><li>Responsável: João Victor Franco</li><li>Ordem de implementação no backlog: 26º</li><li>Predecessoras: PBI-024 App consome a API com JWT guardado no SecureStore; PBI-025 Modo demo/offline com dados de fallback</li></ul><p><b>Rastreabilidade TOGAF/ArchiMate</b></p><ul><li>Elementos ArchiMate: forward-mobile; forward-mobile.apk/.ipa</li><li>Requisitos de qualidade: REQ-06: Onboarding atendente &lt; 15 min</li><li>Feature: [FT-04.2] Integração segura, primeiro acesso e release do app. Épico: [EP-04] Experience Layer: app do atendente e do cliente</li></ul><p><b>Critérios de Pronto (DoD)</b></p><ol><li>Todos os cenários Gherkin do critério de aceite verificados e evidenciados (teste automatizado, relatório ou roteiro com prints).</li><li>Código ou artefato revisado em pull request aprovado por outro integrante (CODEOWNERS) e integrado à branch main.</li><li>Pipeline de CI verde: build, testes, lint e verificações de segurança (SAST, SCA e secret scan).</li><li>Testes automatizados para o caminho feliz e para os cenários de erro sempre que o item envolve código.</li><li>Nenhuma vulnerabilidade High/Critical aberta sem aceite formal, nenhum segredo commitado e dados pessoais tratados conforme a LGPD (REQ-05).</li><li>Requisitos de qualidade aplicáveis (REQ-01 a REQ-07) atendidos e medidos.</li><li>Documentação atualizada (README, OpenAPI, wiki ou model card) e rastreabilidade ArchiMate mantida nas tags.</li><li>Demonstrado ao Product Owner na Sprint Review e estado atualizado para Done no Azure Boards.</li><li>APK publicado como artefato da release.</li><li>Smoke test registrado com evidências.</li></ol><p><i>Chave de rastreio PBI-026, gerada a partir de forward-docs/academic/qa/sprint3/backlog.json.</i></p>","<p><b>Funcionalidade:</b> Distribuição do app</p><p><b>Cenário 1: Instalação do APK</b> <i>(caminho feliz)</i><br>&nbsp;&nbsp;<b>Dado</b> um emulador Android limpo<br>&nbsp;&nbsp;<b>Quando</b> o APK de release é instalado<br>&nbsp;&nbsp;<b>Então</b> o app abre na tela de login com a identidade visual ForwardService</p><p><b>Cenário 2: URL de desenvolvimento no release</b> <i>(erro)</i><br>&nbsp;&nbsp;<b>Dado</b> o APK de release<br>&nbsp;&nbsp;<b>Quando</b> a configuração embarcada é inspecionada<br>&nbsp;&nbsp;<b>Então</b> a URL da API aponta para o ambiente de demonstração e não para localhost</p><p><b>Cenário 3: README completo</b> <i>(caso de borda)</i><br>&nbsp;&nbsp;<b>Dado</b> o README do forward-mobile<br>&nbsp;&nbsp;<b>Quando</b> a banca o consulta<br>&nbsp;&nbsp;<b>Então</b> encontra um screenshot de cada tela e o passo a passo de instalação</p>"
"","Task","","","","[TSK-3.18] Consolidar identidade visual: tokens, ícone, splash e tipografia","1","","","0","Design","ForwardService\Sprint 3","fwd-import; Frente:Mobile","<p>Unificar cores, tipografia e assets da marca ForwardService em todas as telas.</p><ul><li>Atividade: Design</li><li>Estimativa: 4 h. Restante: 0 h. Complexidade: 2 pontos (Fibonacci)</li><li>Responsável: João Victor Franco</li><li>Predecessoras técnicas: nenhuma</li><li>PBI: [PBI-026] Release APK com identidade visual consolidada e README ilustrado</li></ul><p><b>Critérios de Pronto da tarefa</b></p><ol><li>Trabalho commitado em branch vinculada ao PBI e revisado por outro integrante.</li><li>Remaining Work zerado e estado Done no taskboard.</li><li>Evidência registrada no PBI quando a tarefa é de teste ou de documentação.</li></ol><p><i>Chave de rastreio TSK-3.18, gerada a partir de forward-docs/academic/qa/sprint3/backlog.json.</i></p>",""
"","Task","","","","[TSK-3.19] Gerar APK de release assinado com URL da API por ambiente","1","","","2","Deployment","ForwardService\Sprint 3","fwd-import; Frente:Mobile","<p>Configurar build de release (Gradle ou EAS) apontando para o ambiente de demonstração.</p><ul><li>Atividade: Deployment</li><li>Estimativa: 4 h. Restante: 2 h. Complexidade: 3 pontos (Fibonacci)</li><li>Responsável: João Victor Franco</li><li>Predecessoras técnicas: TSK-3.16 Tratar 401 e expiração: limpar a sessão e voltar ao login com aviso; TSK-3.17 Fallback para dados de demonstração com banner quando a API não responde; TSK-3.18 Consolidar identidade visual: tokens, ícone, splash e tipografia</li><li>PBI: [PBI-026] Release APK com identidade visual consolidada e README ilustrado</li></ul><p><b>Critérios de Pronto da tarefa</b></p><ol><li>Trabalho commitado em branch vinculada ao PBI e revisado por outro integrante.</li><li>Remaining Work zerado e estado Done no taskboard.</li><li>Evidência registrada no PBI quando a tarefa é de teste ou de documentação.</li></ol><p><i>Chave de rastreio TSK-3.19, gerada a partir de forward-docs/academic/qa/sprint3/backlog.json.</i></p>",""
"","Task","","","","[TSK-3.20] Smoke test do APK no emulador Android com roteiro e evidências","1","","","3","Testing","ForwardService\Sprint 3","fwd-import; Frente:Mobile","<p>Executar o roteiro login, leads, detalhe e perfil e registrar prints.</p><ul><li>Atividade: Testing</li><li>Estimativa: 3 h. Restante: 3 h. Complexidade: 2 pontos (Fibonacci)</li><li>Responsável: João Victor Franco</li><li>Predecessoras técnicas: TSK-3.19 Gerar APK de release assinado com URL da API por ambiente</li><li>PBI: [PBI-026] Release APK com identidade visual consolidada e README ilustrado</li></ul><p><b>Critérios de Pronto da tarefa</b></p><ol><li>Trabalho commitado em branch vinculada ao PBI e revisado por outro integrante.</li><li>Remaining Work zerado e estado Done no taskboard.</li><li>Evidência registrada no PBI quando a tarefa é de teste ou de documentação.</li></ol><p><i>Chave de rastreio TSK-3.20, gerada a partir de forward-docs/academic/qa/sprint3/backlog.json.</i></p>",""
"","Task","","","","[TSK-3.21] README com screenshots de todas as telas e instruções de instalação","1","","","3","Documentation","ForwardService\Sprint 3","fwd-import; Frente:Mobile","<p>Atualizar o README do forward-mobile com as imagens do smoke test e o passo a passo do APK.</p><ul><li>Atividade: Documentation</li><li>Estimativa: 3 h. Restante: 3 h. Complexidade: 1 pontos (Fibonacci)</li><li>Responsável: João Victor Franco</li><li>Predecessoras técnicas: TSK-3.20 Smoke test do APK no emulador Android com roteiro e evidências</li><li>PBI: [PBI-026] Release APK com identidade visual consolidada e README ilustrado</li></ul><p><b>Critérios de Pronto da tarefa</b></p><ol><li>Trabalho commitado em branch vinculada ao PBI e revisado por outro integrante.</li><li>Remaining Work zerado e estado Done no taskboard.</li><li>Evidência registrada no PBI quando a tarefa é de teste ou de documentação.</li></ol><p><i>Chave de rastreio TSK-3.21, gerada a partir de forward-docs/academic/qa/sprint3/backlog.json.</i></p>",""
"","Product Backlog Item","","","[PBI-037] Primeiro acesso: consentimento LGPD e onboarding guiado","","2","8","75","","","ForwardService\Sprint 4","fwd-import; MoSCoW:Should; Frente:Mobile; ArchiMate:forward-mobile; ArchiMate:Atendente; REQ-05; REQ-06","<p><b>História de usuário</b><br>Como <b>Atendente da concessionária</b>, quero <b>um primeiro acesso guiado com o consentimento de uso de dados</b>, para <b>aprender o app em menos de 15 minutos e registrar a base legal</b>.</p><p><b>Contexto técnico</b><br>Tela de consentimento com registro de lgpd_consent_at (roadmap R11) e tour guiado de três passos; teste de usabilidade cronometrado com três pessoas.</p><p><b>Planejamento</b></p><ul><li>Sprint: Sprint 4 (28/09/2026 a 11/10/2026)</li><li>Prioridade: Should (MoSCoW) = Priority 2</li><li>Esforço: 8 pontos (Planning Poker, Fibonacci). Valor de negócio: 75</li><li>Responsável: João Victor Franco</li><li>Ordem de implementação no backlog: 37º</li><li>Predecessoras: PBI-026 Release APK com identidade visual consolidada e README ilustrado</li></ul><p><b>Rastreabilidade TOGAF/ArchiMate</b></p><ul><li>Elementos ArchiMate: forward-mobile; Atendente</li><li>Requisitos de qualidade: REQ-05: LGPD — dados pseudonimizados; REQ-06: Onboarding atendente &lt; 15 min</li><li>Feature: [FT-04.2] Integração segura, primeiro acesso e release do app. Épico: [EP-04] Experience Layer: app do atendente e do cliente</li></ul><p><b>Critérios de Pronto (DoD)</b></p><ol><li>Todos os cenários Gherkin do critério de aceite verificados e evidenciados (teste automatizado, relatório ou roteiro com prints).</li><li>Código ou artefato revisado em pull request aprovado por outro integrante (CODEOWNERS) e integrado à branch main.</li><li>Pipeline de CI verde: build, testes, lint e verificações de segurança (SAST, SCA e secret scan).</li><li>Testes automatizados para o caminho feliz e para os cenários de erro sempre que o item envolve código.</li><li>Nenhuma vulnerabilidade High/Critical aberta sem aceite formal, nenhum segredo commitado e dados pessoais tratados conforme a LGPD (REQ-05).</li><li>Requisitos de qualidade aplicáveis (REQ-01 a REQ-07) atendidos e medidos.</li><li>Documentação atualizada (README, OpenAPI, wiki ou model card) e rastreabilidade ArchiMate mantida nas tags.</li><li>Demonstrado ao Product Owner na Sprint Review e estado atualizado para Done no Azure Boards.</li><li>Resultado do teste de usabilidade registrado na wiki.</li></ol><p><i>Chave de rastreio PBI-037, gerada a partir de forward-docs/academic/qa/sprint3/backlog.json.</i></p>","<p><b>Funcionalidade:</b> Onboarding do atendente</p><p><b>Cenário 1: Onboarding em menos de 15 minutos</b> <i>(caminho feliz)</i><br>&nbsp;&nbsp;<b>Dado</b> um atendente que nunca usou o app<br>&nbsp;&nbsp;<b>Quando</b> ele conclui o tour guiado<br>&nbsp;&nbsp;<b>Então</b> consegue priorizar e abrir a ficha de um lead em menos de 15 minutos (REQ-06)</p><p><b>Cenário 2: Consentimento recusado</b> <i>(erro)</i><br>&nbsp;&nbsp;<b>Dado</b> a tela de consentimento<br>&nbsp;&nbsp;<b>Quando</b> o usuário recusa<br>&nbsp;&nbsp;<b>Então</b> o app não coleta dados opcionais<br>&nbsp;&nbsp;<b>E</b> explica quais funções ficam indisponíveis</p><p><b>Cenário 3: Acesso seguinte</b> <i>(caso de borda)</i><br>&nbsp;&nbsp;<b>Dado</b> um atendente que já concluiu o onboarding<br>&nbsp;&nbsp;<b>Quando</b> ele entra novamente<br>&nbsp;&nbsp;<b>Então</b> o tour não é exibido</p>"
"","Product Backlog Item","","","[PBI-038] Testes E2E do fluxo crítico do app","","2","5","65","","","ForwardService\Sprint 4","fwd-import; MoSCoW:Should; Frente:QA; ArchiMate:forward-mobile; ArchiMate:GitHub Actions CI; REQ-06","<p><b>História de usuário</b><br>Como <b>Product Owner</b>, quero <b>o fluxo login, leads e detalhe testado de ponta a ponta</b>, para <b>evitar regressões na demonstração final</b>.</p><p><b>Contexto técnico</b><br>Testes E2E (por exemplo com Maestro) executados em emulador Android contra o ambiente de demonstração, com evidência em vídeo ou log.</p><p><b>Planejamento</b></p><ul><li>Sprint: Sprint 4 (28/09/2026 a 11/10/2026)</li><li>Prioridade: Should (MoSCoW) = Priority 2</li><li>Esforço: 5 pontos (Planning Poker, Fibonacci). Valor de negócio: 65</li><li>Responsável: Rodrigo César Jimenez</li><li>Ordem de implementação no backlog: 38º</li><li>Predecessoras: PBI-026 Release APK com identidade visual consolidada e README ilustrado</li></ul><p><b>Rastreabilidade TOGAF/ArchiMate</b></p><ul><li>Elementos ArchiMate: forward-mobile; GitHub Actions CI</li><li>Requisitos de qualidade: REQ-06: Onboarding atendente &lt; 15 min</li><li>Feature: [FT-04.2] Integração segura, primeiro acesso e release do app. Épico: [EP-04] Experience Layer: app do atendente e do cliente</li></ul><p><b>Critérios de Pronto (DoD)</b></p><ol><li>Todos os cenários Gherkin do critério de aceite verificados e evidenciados (teste automatizado, relatório ou roteiro com prints).</li><li>Código ou artefato revisado em pull request aprovado por outro integrante (CODEOWNERS) e integrado à branch main.</li><li>Pipeline de CI verde: build, testes, lint e verificações de segurança (SAST, SCA e secret scan).</li><li>Testes automatizados para o caminho feliz e para os cenários de erro sempre que o item envolve código.</li><li>Nenhuma vulnerabilidade High/Critical aberta sem aceite formal, nenhum segredo commitado e dados pessoais tratados conforme a LGPD (REQ-05).</li><li>Requisitos de qualidade aplicáveis (REQ-01 a REQ-07) atendidos e medidos.</li><li>Documentação atualizada (README, OpenAPI, wiki ou model card) e rastreabilidade ArchiMate mantida nas tags.</li><li>Demonstrado ao Product Owner na Sprint Review e estado atualizado para Done no Azure Boards.</li><li>Roteiro E2E versionado no repositório.</li></ol><p><i>Chave de rastreio PBI-038, gerada a partir de forward-docs/academic/qa/sprint3/backlog.json.</i></p>","<p><b>Funcionalidade:</b> Regressão do fluxo crítico</p><p><b>Cenário 1: Fluxo completo</b> <i>(caminho feliz)</i><br>&nbsp;&nbsp;<b>Dado</b> o APK de release instalado<br>&nbsp;&nbsp;<b>Quando</b> o teste E2E faz login, abre a lista e toca em um lead<br>&nbsp;&nbsp;<b>Então</b> a ficha do lead é exibida com o cliente e o motivo do score</p><p><b>Cenário 2: Regressão detectada</b> <i>(erro)</i><br>&nbsp;&nbsp;<b>Dado</b> uma alteração que quebra a navegação para o detalhe<br>&nbsp;&nbsp;<b>Quando</b> o teste E2E roda<br>&nbsp;&nbsp;<b>Então</b> ele falha apontando o passo quebrado</p>"
"","Feature","","[FT-04.3] Engajamento e Modo Cliente","","","3","13","60","","","ForwardService","fwd-import; MoSCoW:Could; ArchiMate:forward-mobile; ArchiMate:Expo Push API; ArchiMate:Cliente Ford; ArchiMate:Escalar cobertura; REQ-06; REQ-07","<p><b>Objetivo</b><br>Notificações push para atendentes e a experiência do dono do veículo (Fluxo Simplificado).</p><p><b>Persona principal:</b> Cliente Ford</p><p><b>PBIs</b></p><ul><li>[PBI-046] Push de lead crítico no app (Expo Push) (Sprint 5, 5 pts, New)</li><li>[PBI-056] Modo Cliente no app (Fluxo Simplificado) (Sprint 6, 8 pts, New)</li></ul><p><b>Rastreabilidade e planejamento</b></p><ul><li>Elementos ArchiMate: forward-mobile; Expo Push API; Cliente Ford; Escalar cobertura</li><li>Requisitos de qualidade: REQ-06: Onboarding atendente &lt; 15 min; REQ-07: Entrega WhatsApp &lt; 30s</li><li>Épico: [EP-04] Experience Layer: app do atendente e do cliente</li><li>Esforço total: 13 pontos. Prioridade: Could (Priority 3)</li></ul><p><b>Critérios de Pronto (DoD da Feature)</b></p><ol><li>Todos os PBIs filhos em Done ou movidos explicitamente pelo Product Owner.</li><li>Fluxo ponta a ponta da feature demonstrado em ambiente integrado.</li><li>Critérios de aceite da feature verificados na Sprint Review.</li><li>Documentação e diagramas afetados atualizados (README, wiki, views ArchiMate).</li></ol><p><i>Chave de rastreio FT-04.3, gerada a partir de forward-docs/academic/qa/sprint3/backlog.json.</i></p>","<p><b>Funcionalidade:</b> Dois lados da mesma porta</p><p><b>Cenário 1: Modo definido pelo login</b> <i>(caminho feliz)</i><br>&nbsp;&nbsp;<b>Dado</b> o mesmo app instalado<br>&nbsp;&nbsp;<b>Quando</b> o login é de atendente ou de cliente<br>&nbsp;&nbsp;<b>Então</b> o app abre no modo correspondente</p><p><b>Cenário 2: Perfil desconhecido</b> <i>(erro)</i><br>&nbsp;&nbsp;<b>Dado</b> um usuário sem papel reconhecido<br>&nbsp;&nbsp;<b>Quando</b> ele faz login<br>&nbsp;&nbsp;<b>Então</b> o acesso é negado com orientação</p>"
"","Product Backlog Item","","","[PBI-046] Push de lead crítico no app (Expo Push)","","3","5","55","","","ForwardService\Sprint 5","fwd-import; MoSCoW:Could; Frente:Mobile; ArchiMate:Expo Push API; ArchiMate:WebSocket Push; ArchiMate:forward-mobile; REQ-07","<p><b>História de usuário</b><br>Como <b>Atendente da concessionária</b>, quero <b>ser avisado quando um lead crítico entrar na minha fila</b>, para <b>agir antes que o cliente esfrie</b>.</p><p><b>Contexto técnico</b><br>Expo Push API acionada quando uma ação crítica é criada para a concessionária do atendente.</p><p><b>Planejamento</b></p><ul><li>Sprint: Sprint 5 (12/10/2026 a 08/11/2026)</li><li>Prioridade: Could (MoSCoW) = Priority 3</li><li>Esforço: 5 pontos (Planning Poker, Fibonacci). Valor de negócio: 55</li><li>Responsável: João Victor Franco</li><li>Ordem de implementação no backlog: 46º</li><li>Predecessoras: PBI-043 Ordens de ação da API para o n8n (outbox e HMAC)</li></ul><p><b>Rastreabilidade TOGAF/ArchiMate</b></p><ul><li>Elementos ArchiMate: Expo Push API; WebSocket Push; forward-mobile</li><li>Requisitos de qualidade: REQ-07: Entrega WhatsApp &lt; 30s</li><li>Feature: [FT-04.3] Engajamento e Modo Cliente. Épico: [EP-04] Experience Layer: app do atendente e do cliente</li></ul><p><b>Critérios de Pronto (DoD)</b></p><ol><li>Todos os cenários Gherkin do critério de aceite verificados e evidenciados (teste automatizado, relatório ou roteiro com prints).</li><li>Código ou artefato revisado em pull request aprovado por outro integrante (CODEOWNERS) e integrado à branch main.</li><li>Pipeline de CI verde: build, testes, lint e verificações de segurança (SAST, SCA e secret scan).</li><li>Testes automatizados para o caminho feliz e para os cenários de erro sempre que o item envolve código.</li><li>Nenhuma vulnerabilidade High/Critical aberta sem aceite formal, nenhum segredo commitado e dados pessoais tratados conforme a LGPD (REQ-05).</li><li>Requisitos de qualidade aplicáveis (REQ-01 a REQ-07) atendidos e medidos.</li><li>Documentação atualizada (README, OpenAPI, wiki ou model card) e rastreabilidade ArchiMate mantida nas tags.</li><li>Demonstrado ao Product Owner na Sprint Review e estado atualizado para Done no Azure Boards.</li><li>Nenhum dado pessoal no conteúdo da notificação.</li></ol><p><i>Chave de rastreio PBI-046, gerada a partir de forward-docs/academic/qa/sprint3/backlog.json.</i></p>","<p><b>Funcionalidade:</b> Alerta de lead crítico</p><p><b>Cenário 1: Push recebido</b> <i>(caminho feliz)</i><br>&nbsp;&nbsp;<b>Dado</b> um atendente com notificações permitidas<br>&nbsp;&nbsp;<b>Quando</b> um lead crítico é criado para a sua concessionária<br>&nbsp;&nbsp;<b>Então</b> ele recebe um push que abre a ficha do lead</p><p><b>Cenário 2: Permissão de notificação negada</b> <i>(caso de borda)</i><br>&nbsp;&nbsp;<b>Dado</b> um atendente que negou as notificações<br>&nbsp;&nbsp;<b>Quando</b> um lead crítico é criado<br>&nbsp;&nbsp;<b>Então</b> o lead aparece destacado na lista sem push</p>"
"","Product Backlog Item","","","[PBI-056] Modo Cliente no app (Fluxo Simplificado)","","3","8","65","","","ForwardService\Sprint 6","fwd-import; MoSCoW:Could; Frente:Mobile; ArchiMate:forward-mobile; ArchiMate:Cliente Ford; ArchiMate:Escalar cobertura; REQ-05; REQ-06","<p><b>História de usuário</b><br>Como <b>Cliente Ford</b>, quero <b>cadastrar meu VIN e receber lembretes pela quilometragem estimada</b>, para <b>manter meu carro na rede mesmo sem conectividade veicular</b>.</p><p><b>Contexto técnico</b><br>Modo Cliente do app dual-mode (ADR-003): cadastro de VIN, próxima revisão sugerida, histórico e agendamento.</p><p><b>Planejamento</b></p><ul><li>Sprint: Sprint 6 (09/11/2026 a 06/12/2026)</li><li>Prioridade: Could (MoSCoW) = Priority 3</li><li>Esforço: 8 pontos (Planning Poker, Fibonacci). Valor de negócio: 65</li><li>Responsável: João Victor Franco</li><li>Ordem de implementação no backlog: 56º</li><li>Predecessoras: PBI-053 Agendamento digital da revisão; PBI-037 Primeiro acesso: consentimento LGPD e onboarding guiado</li></ul><p><b>Rastreabilidade TOGAF/ArchiMate</b></p><ul><li>Elementos ArchiMate: forward-mobile; Cliente Ford; Escalar cobertura</li><li>Requisitos de qualidade: REQ-05: LGPD — dados pseudonimizados; REQ-06: Onboarding atendente &lt; 15 min</li><li>Feature: [FT-04.3] Engajamento e Modo Cliente. Épico: [EP-04] Experience Layer: app do atendente e do cliente</li></ul><p><b>Critérios de Pronto (DoD)</b></p><ol><li>Todos os cenários Gherkin do critério de aceite verificados e evidenciados (teste automatizado, relatório ou roteiro com prints).</li><li>Código ou artefato revisado em pull request aprovado por outro integrante (CODEOWNERS) e integrado à branch main.</li><li>Pipeline de CI verde: build, testes, lint e verificações de segurança (SAST, SCA e secret scan).</li><li>Testes automatizados para o caminho feliz e para os cenários de erro sempre que o item envolve código.</li><li>Nenhuma vulnerabilidade High/Critical aberta sem aceite formal, nenhum segredo commitado e dados pessoais tratados conforme a LGPD (REQ-05).</li><li>Requisitos de qualidade aplicáveis (REQ-01 a REQ-07) atendidos e medidos.</li><li>Documentação atualizada (README, OpenAPI, wiki ou model card) e rastreabilidade ArchiMate mantida nas tags.</li><li>Demonstrado ao Product Owner na Sprint Review e estado atualizado para Done no Azure Boards.</li><li>Mesmo codebase do modo atendente.</li></ol><p><i>Chave de rastreio PBI-056, gerada a partir de forward-docs/academic/qa/sprint3/backlog.json.</i></p>","<p><b>Funcionalidade:</b> Experiência do cliente</p><p><b>Cenário 1: Próxima revisão sugerida</b> <i>(caminho feliz)</i><br>&nbsp;&nbsp;<b>Dado</b> um cliente com um Ka 2014 cadastrado<br>&nbsp;&nbsp;<b>Quando</b> ele abre o app<br>&nbsp;&nbsp;<b>Então</b> vê a próxima revisão sugerida pela quilometragem estimada e o botão de agendar</p><p><b>Cenário 2: VIN inválido</b> <i>(erro)</i><br>&nbsp;&nbsp;<b>Dado</b> um VIN com formato inválido<br>&nbsp;&nbsp;<b>Quando</b> o cliente tenta cadastrar<br>&nbsp;&nbsp;<b>Então</b> o app explica o erro sem enviar a requisição</p>"
"","Epic","[EP-02] Intelligence Hub: scoring e segmentação de churn","","","","1","34","90","","","ForwardService","fwd-import; MoSCoW:Must; ArchiMate:forward-ml; ArchiMate:Scoring Service; ArchiMate:Segmentar Clientes; ArchiMate:Serviço de Scoring; ArchiMate:client_scores; ArchiMate:client_segments; ArchiMate:ML Model Monitor; ArchiMate:Flywheel de Dados; ArchiMate:Reduzir churn pós-venda; REQ-03; REQ-04; REQ-05","<p><b>Objetivo</b><br>Etiqueta (segmento), termômetro (score) e, no roadmap, ação sugerida aprendida para cada VIN.</p><p><b>Hipótese de valor</b><br>Se cada VIN tiver segmento e score confiáveis, então a concessionária prioriza melhor os contatos, medido por ROC-AUC de pelo menos 0,82 e falsos positivos abaixo de 10%.</p><p><b>Métricas de sucesso</b></p><ul><li>REQ-03: ROC-AUC maior ou igual a 0,82.</li><li>REQ-04: falsos positivos abaixo de 10%.</li><li>100% dos VINs com segmento nomeado.</li></ul><p><b>Features</b></p><ul><li>[FT-02.1] Segmentação e scoring de churn (Scoring Service) (21 pts, In Progress)</li><li>[FT-02.2] Recomendador e MLOps (Flywheel de Dados) (13 pts, New)</li></ul><p><b>Rastreabilidade e planejamento</b></p><ul><li>Pilar: Intelligence Hub</li><li>Elementos ArchiMate: forward-ml; Scoring Service; Segmentar Clientes; Serviço de Scoring; client_scores; client_segments; ML Model Monitor; Flywheel de Dados; Reduzir churn pós-venda</li><li>Requisitos de qualidade: REQ-03: AUC classificador ≥ 0,82; REQ-04: Falsos positivos churn &lt; 10%; REQ-05: LGPD — dados pseudonimizados</li><li>Esforço total: 34 pontos. Prioridade: Must (Priority 1)</li></ul><p><b>Critérios de Pronto (DoD do Épico)</b></p><ol><li>Features necessárias em Done; as remanescentes repriorizadas pelo Product Owner.</li><li>Métricas de sucesso do épico medidas e registradas na wiki.</li><li>Views ArchiMate atualizadas quando a arquitetura mudou.</li><li>Resultado apresentado aos stakeholders (banca FIAP x Ford) e lições registradas na retrospectiva.</li></ol><p><i>Chave de rastreio EP-02, gerada a partir de forward-docs/academic/qa/sprint3/backlog.json.</i></p>","<p><b>Critérios de aceite do épico</b></p><ul><li>Score e segmento disponíveis via Scoring Service para 100% dos VINs com histórico.</li><li>Model card publicado com métricas e limitações.</li><li>Pipeline sem PII reversível (REQ-05).</li></ul>"
"","Feature","","[FT-02.1] Segmentação e scoring de churn (Scoring Service)","","","1","21","90","","","ForwardService","fwd-import; MoSCoW:Must; ArchiMate:forward-ml; ArchiMate:Scoring Service; ArchiMate:Segmentar Clientes; ArchiMate:vin_features.csv; ArchiMate:client_segments; ArchiMate:client_scores; REQ-03; REQ-04; REQ-05","<p><b>Objetivo</b><br>Transformar o dataset oficial da Ford em features por VIN, perfis de segmento e probabilidade de churn calibrada.</p><p><b>Persona principal:</b> Gestor de Retenção</p><p><b>PBIs</b></p><ul><li>[PBI-008] Ambiente de ML reprodutível e EDA inicial (Sprint 1, 5 pts, Done)</li><li>[PBI-013] Features comportamentais e segmentação K-means em 4 perfis (Sprint 2, 5 pts, Done)</li><li>[PBI-014] Classificador de churn calibrado (XGBoost two-stage) (Sprint 2, 8 pts, Done)</li><li>[PBI-031] Comparação de modelos de churn da Sprint 3 (Sprint 3, 3 pts, Committed)</li></ul><p><b>Rastreabilidade e planejamento</b></p><ul><li>Elementos ArchiMate: forward-ml; Scoring Service; Segmentar Clientes; vin_features.csv; client_segments; client_scores</li><li>Requisitos de qualidade: REQ-03: AUC classificador ≥ 0,82; REQ-04: Falsos positivos churn &lt; 10%; REQ-05: LGPD — dados pseudonimizados</li><li>Épico: [EP-02] Intelligence Hub: scoring e segmentação de churn</li><li>Esforço total: 21 pontos. Prioridade: Must (Priority 1)</li></ul><p><b>Critérios de Pronto (DoD da Feature)</b></p><ol><li>Todos os PBIs filhos em Done ou movidos explicitamente pelo Product Owner.</li><li>Fluxo ponta a ponta da feature demonstrado em ambiente integrado.</li><li>Critérios de aceite da feature verificados na Sprint Review.</li><li>Documentação e diagramas afetados atualizados (README, wiki, views ArchiMate).</li></ol><p><i>Chave de rastreio FT-02.1, gerada a partir de forward-docs/academic/qa/sprint3/backlog.json.</i></p>","<p><b>Funcionalidade:</b> Etiqueta e termômetro por VIN</p><p><b>Cenário 1: VIN com segmento e score</b> <i>(caminho feliz)</i><br>&nbsp;&nbsp;<b>Dado</b> um VIN com histórico na rede oficial<br>&nbsp;&nbsp;<b>Quando</b> o pipeline de ML executa<br>&nbsp;&nbsp;<b>Então</b> o VIN recebe um perfil de segmento e um score de 0 a 100 com a versão do modelo</p><p><b>Cenário 2: Modelo abaixo da meta</b> <i>(erro)</i><br>&nbsp;&nbsp;<b>Dado</b> um modelo com ROC-AUC abaixo de 0,82<br>&nbsp;&nbsp;<b>Quando</b> ele é avaliado para produção<br>&nbsp;&nbsp;<b>Então</b> não é promovido</p>"
"","Product Backlog Item","","","[PBI-008] Ambiente de ML reprodutível e EDA inicial","","1","5","65","","","ForwardService\Sprint 1","fwd-import; MoSCoW:Must; Frente:ML; ArchiMate:forward-ml; ArchiMate:Python 3.11; ArchiMate:Analista ML; REQ-05","<p><b>História de usuário</b><br>Como <b>Analista ML</b>, quero <b>um ambiente Python reprodutível e uma análise exploratória inicial</b>, para <b>validar o pipeline antes da chegada do dataset oficial da Ford</b>.</p><p><b>Contexto técnico</b><br>Python com scikit-learn, pandas e notebooks; EDA reutilizável (perfil, ausentes e outliers) sobre dados sintéticos.</p><p><b>Planejamento</b></p><ul><li>Sprint: Sprint 1 (02/03/2026 a 19/04/2026)</li><li>Prioridade: Must (MoSCoW) = Priority 1</li><li>Esforço: 5 pontos (Planning Poker, Fibonacci). Valor de negócio: 65</li><li>Responsável: Lucca Saraiva Borges</li><li>Ordem de implementação no backlog: 8º</li><li>Predecessoras: PBI-001 Setup do time: papéis Scrum, organização GitHub, repositórios e CI mínimo</li></ul><p><b>Rastreabilidade TOGAF/ArchiMate</b></p><ul><li>Elementos ArchiMate: forward-ml; Python 3.11; Analista ML</li><li>Requisitos de qualidade: REQ-05: LGPD — dados pseudonimizados</li><li>Feature: [FT-02.1] Segmentação e scoring de churn (Scoring Service). Épico: [EP-02] Intelligence Hub: scoring e segmentação de churn</li></ul><p><b>Critérios de Pronto (DoD)</b></p><ol><li>Todos os cenários Gherkin do critério de aceite verificados e evidenciados (teste automatizado, relatório ou roteiro com prints).</li><li>Código ou artefato revisado em pull request aprovado por outro integrante (CODEOWNERS) e integrado à branch main.</li><li>Pipeline de CI verde: build, testes, lint e verificações de segurança (SAST, SCA e secret scan).</li><li>Testes automatizados para o caminho feliz e para os cenários de erro sempre que o item envolve código.</li><li>Nenhuma vulnerabilidade High/Critical aberta sem aceite formal, nenhum segredo commitado e dados pessoais tratados conforme a LGPD (REQ-05).</li><li>Requisitos de qualidade aplicáveis (REQ-01 a REQ-07) atendidos e medidos.</li><li>Documentação atualizada (README, OpenAPI, wiki ou model card) e rastreabilidade ArchiMate mantida nas tags.</li><li>Demonstrado ao Product Owner na Sprint Review e estado atualizado para Done no Azure Boards.</li><li>Semente aleatória fixa (RANDOM_STATE = 42).</li><li>Notebook de EDA versionado.</li></ol><p><b>Evidência de entrega</b><br>fwd-ford/forward-ml (scaffold e notebooks).</p><p><i>Chave de rastreio PBI-008, gerada a partir de forward-docs/academic/qa/sprint3/backlog.json.</i></p>","<p><b>Funcionalidade:</b> Preparação do pipeline de dados</p><p><b>Cenário 1: Ambiente recriado do zero</b> <i>(caminho feliz)</i><br>&nbsp;&nbsp;<b>Dado</b> um computador com Python instalado<br>&nbsp;&nbsp;<b>Quando</b> o integrante instala as dependências do requirements.txt<br>&nbsp;&nbsp;<b>Então</b> os notebooks executam do início ao fim sem erro</p><p><b>Cenário 2: Coluna com muitos valores ausentes</b> <i>(caso de borda)</i><br>&nbsp;&nbsp;<b>Dado</b> uma coluna com mais de 50% de valores ausentes<br>&nbsp;&nbsp;<b>Quando</b> a EDA é executada<br>&nbsp;&nbsp;<b>Então</b> a coluna é sinalizada no relatório com a proposta de tratamento</p>"
"","Product Backlog Item","","","[PBI-013] Features comportamentais e segmentação K-means em 4 perfis","","1","5","80","","","ForwardService\Sprint 2","fwd-import; MoSCoW:Must; Frente:ML; ArchiMate:forward-ml; ArchiMate:Segmentar Clientes; ArchiMate:vin_features.csv; ArchiMate:client_segments; ArchiMate:Perfil de Segmento; REQ-04; REQ-05","<p><b>História de usuário</b><br>Como <b>Gestor de Retenção</b>, quero <b>cada VIN classificado em um perfil de comportamento (Fiel, Econômico, Esquecido ou Abandono)</b>, para <b>desenhar ações diferentes por segmento</b>.</p><p><b>Contexto técnico</b><br>Dataset oficial vin_share_Desafio_02 (602 mil eventos e 175 mil VINs); mais de 20 features por VIN em vin_features.csv; K-means com k=4 validado por silhouette e perfis com nomes de negócio.</p><p><b>Planejamento</b></p><ul><li>Sprint: Sprint 2 (20/04/2026 a 24/05/2026)</li><li>Prioridade: Must (MoSCoW) = Priority 1</li><li>Esforço: 5 pontos (Planning Poker, Fibonacci). Valor de negócio: 80</li><li>Responsável: Lucca Saraiva Borges</li><li>Ordem de implementação no backlog: 13º</li><li>Predecessoras: PBI-008 Ambiente de ML reprodutível e EDA inicial</li></ul><p><b>Rastreabilidade TOGAF/ArchiMate</b></p><ul><li>Elementos ArchiMate: forward-ml; Segmentar Clientes; vin_features.csv; client_segments; Perfil de Segmento</li><li>Requisitos de qualidade: REQ-04: Falsos positivos churn &lt; 10%; REQ-05: LGPD — dados pseudonimizados</li><li>Feature: [FT-02.1] Segmentação e scoring de churn (Scoring Service). Épico: [EP-02] Intelligence Hub: scoring e segmentação de churn</li></ul><p><b>Critérios de Pronto (DoD)</b></p><ol><li>Todos os cenários Gherkin do critério de aceite verificados e evidenciados (teste automatizado, relatório ou roteiro com prints).</li><li>Código ou artefato revisado em pull request aprovado por outro integrante (CODEOWNERS) e integrado à branch main.</li><li>Pipeline de CI verde: build, testes, lint e verificações de segurança (SAST, SCA e secret scan).</li><li>Testes automatizados para o caminho feliz e para os cenários de erro sempre que o item envolve código.</li><li>Nenhuma vulnerabilidade High/Critical aberta sem aceite formal, nenhum segredo commitado e dados pessoais tratados conforme a LGPD (REQ-05).</li><li>Requisitos de qualidade aplicáveis (REQ-01 a REQ-07) atendidos e medidos.</li><li>Documentação atualizada (README, OpenAPI, wiki ou model card) e rastreabilidade ArchiMate mantida nas tags.</li><li>Demonstrado ao Product Owner na Sprint Review e estado atualizado para Done no Azure Boards.</li><li>Dicionário de features documentado.</li><li>Silhouette reportado no notebook.</li></ol><p><b>Evidência de entrega</b><br>forward-ml PR #13 (pipeline da Sprint 1).</p><p><i>Chave de rastreio PBI-013, gerada a partir de forward-docs/academic/qa/sprint3/backlog.json.</i></p>","<p><b>Funcionalidade:</b> Segmentação de clientes</p><p><b>Cenário 1: VIN recebe perfil nomeado</b> <i>(caminho feliz)</i><br>&nbsp;&nbsp;<b>Dado</b> as features comportamentais de um VIN<br>&nbsp;&nbsp;<b>Quando</b> o segmentador é executado<br>&nbsp;&nbsp;<b>Então</b> o VIN recebe um dos perfis Fiel, Econômico, Esquecido ou Abandono<br>&nbsp;&nbsp;<b>E</b> nenhum perfil é exibido com nome técnico como Cluster 0</p><p><b>Cenário 2: VIN com um único evento</b> <i>(caso de borda)</i><br>&nbsp;&nbsp;<b>Dado</b> um VIN com apenas uma passagem pela rede<br>&nbsp;&nbsp;<b>Quando</b> as features são calculadas<br>&nbsp;&nbsp;<b>Então</b> as métricas de intervalo ficam nulas de forma explícita<br>&nbsp;&nbsp;<b>E</b> o VIN é tratado no grupo single-event</p><p><b>Cenário 3: Dado pessoal no pipeline</b> <i>(erro)</i><br>&nbsp;&nbsp;<b>Dado</b> o pipeline de ML<br>&nbsp;&nbsp;<b>Quando</b> as features são geradas<br>&nbsp;&nbsp;<b>Então</b> nenhuma coluna com dado pessoal reversível é utilizada, apenas o VIN_Hash</p>"
"","Product Backlog Item","","","[PBI-014] Classificador de churn calibrado (XGBoost two-stage)","","1","8","90","","","ForwardService\Sprint 2","fwd-import; MoSCoW:Must; Frente:ML; ArchiMate:forward-ml; ArchiMate:Scoring Service; ArchiMate:client_scores; ArchiMate:Score de Churn; ArchiMate:ML models (pickle/joblib); REQ-03; REQ-04","<p><b>História de usuário</b><br>Como <b>Gerente de Serviço</b>, quero <b>uma probabilidade de churn calibrada por VIN</b>, para <b>priorizar a equipe nos clientes com maior risco de deixar a rede</b>.</p><p><b>Contexto técnico</b><br>Target engenheirado: churned quando os dias desde a última revisão passam de 365; XGBoost two-stage com calibração isotônica; ROC-AUC 0,93 e acurácia balanceada de 87% na versão V3.</p><p><b>Planejamento</b></p><ul><li>Sprint: Sprint 2 (20/04/2026 a 24/05/2026)</li><li>Prioridade: Must (MoSCoW) = Priority 1</li><li>Esforço: 8 pontos (Planning Poker, Fibonacci). Valor de negócio: 90</li><li>Responsável: Lucca Saraiva Borges</li><li>Ordem de implementação no backlog: 14º</li><li>Predecessoras: PBI-013 Features comportamentais e segmentação K-means em 4 perfis</li></ul><p><b>Rastreabilidade TOGAF/ArchiMate</b></p><ul><li>Elementos ArchiMate: forward-ml; Scoring Service; client_scores; Score de Churn; ML models (pickle/joblib)</li><li>Requisitos de qualidade: REQ-03: AUC classificador ≥ 0,82; REQ-04: Falsos positivos churn &lt; 10%</li><li>Feature: [FT-02.1] Segmentação e scoring de churn (Scoring Service). Épico: [EP-02] Intelligence Hub: scoring e segmentação de churn</li></ul><p><b>Critérios de Pronto (DoD)</b></p><ol><li>Todos os cenários Gherkin do critério de aceite verificados e evidenciados (teste automatizado, relatório ou roteiro com prints).</li><li>Código ou artefato revisado em pull request aprovado por outro integrante (CODEOWNERS) e integrado à branch main.</li><li>Pipeline de CI verde: build, testes, lint e verificações de segurança (SAST, SCA e secret scan).</li><li>Testes automatizados para o caminho feliz e para os cenários de erro sempre que o item envolve código.</li><li>Nenhuma vulnerabilidade High/Critical aberta sem aceite formal, nenhum segredo commitado e dados pessoais tratados conforme a LGPD (REQ-05).</li><li>Requisitos de qualidade aplicáveis (REQ-01 a REQ-07) atendidos e medidos.</li><li>Documentação atualizada (README, OpenAPI, wiki ou model card) e rastreabilidade ArchiMate mantida nas tags.</li><li>Demonstrado ao Product Owner na Sprint Review e estado atualizado para Done no Azure Boards.</li><li>MODEL_CARD_CLASSIFIER publicado.</li><li>Testes automatizados do pipeline passando.</li></ol><p><b>Evidência de entrega</b><br>forward-ml PR #13; README com métricas da V3.</p><p><i>Chave de rastreio PBI-014, gerada a partir de forward-docs/academic/qa/sprint3/backlog.json.</i></p>","<p><b>Funcionalidade:</b> Score de churn</p><p><b>Cenário 1: Meta de AUC atendida</b> <i>(caminho feliz)</i><br>&nbsp;&nbsp;<b>Dado</b> o conjunto de teste com divisão temporal<br>&nbsp;&nbsp;<b>Quando</b> o modelo V3 é avaliado<br>&nbsp;&nbsp;<b>Então</b> o ROC-AUC é maior ou igual a 0,82 (REQ-03)</p><p><b>Cenário 2: VIN vendido recentemente</b> <i>(caso de borda)</i><br>&nbsp;&nbsp;<b>Dado</b> um VIN vendido há menos de 12 meses<br>&nbsp;&nbsp;<b>Quando</b> o score é calculado<br>&nbsp;&nbsp;<b>Então</b> ele é marcado com qualidade holdout<br>&nbsp;&nbsp;<b>E</b> não é usado sem regra complementar</p><p><b>Cenário 3: Vazamento de dados</b> <i>(erro)</i><br>&nbsp;&nbsp;<b>Dado</b> uma feature derivada do próprio target<br>&nbsp;&nbsp;<b>Quando</b> a auditoria de leakage é executada<br>&nbsp;&nbsp;<b>Então</b> a feature é removida antes do treino</p>"
"","Product Backlog Item","","","[PBI-031] Comparação de modelos de churn da Sprint 3","","1","3","70","","","ForwardService\Sprint 3","fwd-import; MoSCoW:Must; Frente:ML; ArchiMate:forward-ml; ArchiMate:Scoring Service; ArchiMate:ML Model Monitor; REQ-03; REQ-04","<p><b>História de usuário</b><br>Como <b>Analista ML</b>, quero <b>comparar modelos candidatos com a mesma validação temporal</b>, para <b>justificar o modelo de produção pelas metas REQ-03 e REQ-04</b>.</p><p><b>Contexto técnico</b><br>Regressão logística, Random Forest e XGBoost comparados por ROC-AUC, precisão, recall, F1 e taxa de falsos positivos no segmento de risco.</p><p><b>Planejamento</b></p><ul><li>Sprint: Sprint 3 (03/08/2026 a 27/09/2026)</li><li>Prioridade: Must (MoSCoW) = Priority 1</li><li>Esforço: 3 pontos (Planning Poker, Fibonacci). Valor de negócio: 70</li><li>Responsável: Lucca Saraiva Borges</li><li>Ordem de implementação no backlog: 31º</li><li>Predecessoras: PBI-014 Classificador de churn calibrado (XGBoost two-stage)</li></ul><p><b>Rastreabilidade TOGAF/ArchiMate</b></p><ul><li>Elementos ArchiMate: forward-ml; Scoring Service; ML Model Monitor</li><li>Requisitos de qualidade: REQ-03: AUC classificador ≥ 0,82; REQ-04: Falsos positivos churn &lt; 10%</li><li>Feature: [FT-02.1] Segmentação e scoring de churn (Scoring Service). Épico: [EP-02] Intelligence Hub: scoring e segmentação de churn</li></ul><p><b>Critérios de Pronto (DoD)</b></p><ol><li>Todos os cenários Gherkin do critério de aceite verificados e evidenciados (teste automatizado, relatório ou roteiro com prints).</li><li>Código ou artefato revisado em pull request aprovado por outro integrante (CODEOWNERS) e integrado à branch main.</li><li>Pipeline de CI verde: build, testes, lint e verificações de segurança (SAST, SCA e secret scan).</li><li>Testes automatizados para o caminho feliz e para os cenários de erro sempre que o item envolve código.</li><li>Nenhuma vulnerabilidade High/Critical aberta sem aceite formal, nenhum segredo commitado e dados pessoais tratados conforme a LGPD (REQ-05).</li><li>Requisitos de qualidade aplicáveis (REQ-01 a REQ-07) atendidos e medidos.</li><li>Documentação atualizada (README, OpenAPI, wiki ou model card) e rastreabilidade ArchiMate mantida nas tags.</li><li>Demonstrado ao Product Owner na Sprint Review e estado atualizado para Done no Azure Boards.</li><li>Model card atualizado.</li><li>Notebook reprodutível com semente fixa.</li></ol><p><i>Chave de rastreio PBI-031, gerada a partir de forward-docs/academic/qa/sprint3/backlog.json.</i></p>","<p><b>Funcionalidade:</b> Seleção de modelo</p><p><b>Cenário 1: Modelo campeão atende as metas</b> <i>(caminho feliz)</i><br>&nbsp;&nbsp;<b>Dado</b> os três modelos treinados com o mesmo split temporal<br>&nbsp;&nbsp;<b>Quando</b> as métricas são comparadas<br>&nbsp;&nbsp;<b>Então</b> o modelo escolhido tem ROC-AUC maior ou igual a 0,82<br>&nbsp;&nbsp;<b>E</b> taxa de falsos positivos menor que 10%</p><p><b>Cenário 2: Nenhum candidato atinge a meta</b> <i>(erro)</i><br>&nbsp;&nbsp;<b>Dado</b> que nenhum modelo atinge as metas<br>&nbsp;&nbsp;<b>Quando</b> o relatório é fechado<br>&nbsp;&nbsp;<b>Então</b> o modelo atual permanece em produção<br>&nbsp;&nbsp;<b>E</b> a lacuna vira item de backlog</p>"
"","Task","","","","[TSK-3.29] Notebook comparando regressão logística, Random Forest e XGBoost com validação temporal","1","","","0","Development","ForwardService\Sprint 3","fwd-import; Frente:ML","<p>Treinar os três candidatos com o mesmo split temporal e a mesma semente.</p><ul><li>Atividade: Development</li><li>Estimativa: 6 h. Restante: 0 h. Complexidade: 3 pontos (Fibonacci)</li><li>Responsável: Lucca Saraiva Borges</li><li>Predecessoras técnicas: nenhuma</li><li>PBI: [PBI-031] Comparação de modelos de churn da Sprint 3</li></ul><p><b>Critérios de Pronto da tarefa</b></p><ol><li>Trabalho commitado em branch vinculada ao PBI e revisado por outro integrante.</li><li>Remaining Work zerado e estado Done no taskboard.</li><li>Evidência registrada no PBI quando a tarefa é de teste ou de documentação.</li></ol><p><i>Chave de rastreio TSK-3.29, gerada a partir de forward-docs/academic/qa/sprint3/backlog.json.</i></p>",""
"","Task","","","","[TSK-3.30] Relatório de métricas (AUC e falsos positivos) e atualização do model card","1","","","1","Documentation","ForwardService\Sprint 3","fwd-import; Frente:ML","<p>Consolidar ROC-AUC, precisão, recall, F1 e taxa de falsos positivos contra REQ-03 e REQ-04.</p><ul><li>Atividade: Documentation</li><li>Estimativa: 3 h. Restante: 1 h. Complexidade: 2 pontos (Fibonacci)</li><li>Responsável: Lucca Saraiva Borges</li><li>Predecessoras técnicas: TSK-3.29 Notebook comparando regressão logística, Random Forest e XGBoost com validação temporal</li><li>PBI: [PBI-031] Comparação de modelos de churn da Sprint 3</li></ul><p><b>Critérios de Pronto da tarefa</b></p><ol><li>Trabalho commitado em branch vinculada ao PBI e revisado por outro integrante.</li><li>Remaining Work zerado e estado Done no taskboard.</li><li>Evidência registrada no PBI quando a tarefa é de teste ou de documentação.</li></ol><p><i>Chave de rastreio TSK-3.30, gerada a partir de forward-docs/academic/qa/sprint3/backlog.json.</i></p>",""
"","Feature","","[FT-02.2] Recomendador e MLOps (Flywheel de Dados)","","","2","13","70","","","ForwardService","fwd-import; MoSCoW:Should; ArchiMate:ML Model Monitor; ArchiMate:Cron segmentador 02h; ArchiMate:Flywheel de Dados; ArchiMate:Ação Recomendada; REQ-03; REQ-04","<p><b>Objetivo</b><br>Evoluir da regra explícita para a recomendação aprendida e monitorar o modelo em produção.</p><p><b>Persona principal:</b> Analista ML</p><p><b>PBIs</b></p><ul><li>[PBI-050] Recomendador de ação por ML (camada 3) (Sprint 6, 8 pts, New)</li><li>[PBI-051] Monitor de modelo e retreino mensal (Flywheel de Dados) (Sprint 6, 5 pts, New)</li></ul><p><b>Rastreabilidade e planejamento</b></p><ul><li>Elementos ArchiMate: ML Model Monitor; Cron segmentador 02h; Flywheel de Dados; Ação Recomendada</li><li>Requisitos de qualidade: REQ-03: AUC classificador ≥ 0,82; REQ-04: Falsos positivos churn &lt; 10%</li><li>Épico: [EP-02] Intelligence Hub: scoring e segmentação de churn</li><li>Esforço total: 13 pontos. Prioridade: Should (Priority 2)</li></ul><p><b>Critérios de Pronto (DoD da Feature)</b></p><ol><li>Todos os PBIs filhos em Done ou movidos explicitamente pelo Product Owner.</li><li>Fluxo ponta a ponta da feature demonstrado em ambiente integrado.</li><li>Critérios de aceite da feature verificados na Sprint Review.</li><li>Documentação e diagramas afetados atualizados (README, wiki, views ArchiMate).</li></ol><p><i>Chave de rastreio FT-02.2, gerada a partir de forward-docs/academic/qa/sprint3/backlog.json.</i></p>","<p><b>Funcionalidade:</b> Modelo que melhora com o uso</p><p><b>Cenário 1: Promoção condicionada a métricas</b> <i>(caminho feliz)</i><br>&nbsp;&nbsp;<b>Dado</b> resultados reais de ações executadas<br>&nbsp;&nbsp;<b>Quando</b> o ciclo mensal de retreino roda<br>&nbsp;&nbsp;<b>Então</b> o novo modelo só é promovido se superar o atual nas métricas acordadas</p><p><b>Cenário 2: Drift sem retreino</b> <i>(caso de borda)</i><br>&nbsp;&nbsp;<b>Dado</b> drift detectado sem dados novos suficientes<br>&nbsp;&nbsp;<b>Quando</b> o monitor executa<br>&nbsp;&nbsp;<b>Então</b> o alerta é registrado e o retreino é adiado</p>"
"","Product Backlog Item","","","[PBI-050] Recomendador de ação por ML (camada 3)","","3","8","70","","","ForwardService\Sprint 6","fwd-import; MoSCoW:Could; Frente:ML; ArchiMate:forward-ml; ArchiMate:Ação Recomendada; ArchiMate:recommended_actions; ArchiMate:Flywheel de Dados; REQ-03; REQ-05","<p><b>História de usuário</b><br>Como <b>Gestor de Retenção</b>, quero <b>que a ação sugerida (WhatsApp, ligação, e-mail ou aguardar) seja aprendida com os resultados reais</b>, para <b>aumentar a conversão por segmento</b>.</p><p><b>Contexto técnico</b><br>Substitui as regras explícitas (ADR-006) por um modelo treinado nos resultados de executed_actions; grupo de controle para medir o efeito.</p><p><b>Planejamento</b></p><ul><li>Sprint: Sprint 6 (09/11/2026 a 06/12/2026)</li><li>Prioridade: Could (MoSCoW) = Priority 3</li><li>Esforço: 8 pontos (Planning Poker, Fibonacci). Valor de negócio: 70</li><li>Responsável: Lucca Saraiva Borges</li><li>Ordem de implementação no backlog: 50º</li><li>Predecessoras: PBI-031 Comparação de modelos de churn da Sprint 3; PBI-045 Respostas do cliente e opt-out pelo WhatsApp</li></ul><p><b>Rastreabilidade TOGAF/ArchiMate</b></p><ul><li>Elementos ArchiMate: forward-ml; Ação Recomendada; recommended_actions; Flywheel de Dados</li><li>Requisitos de qualidade: REQ-03: AUC classificador ≥ 0,82; REQ-05: LGPD — dados pseudonimizados</li><li>Feature: [FT-02.2] Recomendador e MLOps (Flywheel de Dados). Épico: [EP-02] Intelligence Hub: scoring e segmentação de churn</li></ul><p><b>Critérios de Pronto (DoD)</b></p><ol><li>Todos os cenários Gherkin do critério de aceite verificados e evidenciados (teste automatizado, relatório ou roteiro com prints).</li><li>Código ou artefato revisado em pull request aprovado por outro integrante (CODEOWNERS) e integrado à branch main.</li><li>Pipeline de CI verde: build, testes, lint e verificações de segurança (SAST, SCA e secret scan).</li><li>Testes automatizados para o caminho feliz e para os cenários de erro sempre que o item envolve código.</li><li>Nenhuma vulnerabilidade High/Critical aberta sem aceite formal, nenhum segredo commitado e dados pessoais tratados conforme a LGPD (REQ-05).</li><li>Requisitos de qualidade aplicáveis (REQ-01 a REQ-07) atendidos e medidos.</li><li>Documentação atualizada (README, OpenAPI, wiki ou model card) e rastreabilidade ArchiMate mantida nas tags.</li><li>Demonstrado ao Product Owner na Sprint Review e estado atualizado para Done no Azure Boards.</li><li>Experimento com grupo de controle documentado.</li></ol><p><i>Chave de rastreio PBI-050, gerada a partir de forward-docs/academic/qa/sprint3/backlog.json.</i></p>","<p><b>Funcionalidade:</b> Recomendação aprendida</p><p><b>Cenário 1: Ação sugerida com justificativa</b> <i>(caminho feliz)</i><br>&nbsp;&nbsp;<b>Dado</b> um cliente Esquecido com risco alto<br>&nbsp;&nbsp;<b>Quando</b> o recomendador é executado<br>&nbsp;&nbsp;<b>Então</b> a ação sugerida vem com o motivo em linguagem de negócio</p><p><b>Cenário 2: Modelo pior que as regras</b> <i>(erro)</i><br>&nbsp;&nbsp;<b>Dado</b> que o recomendador converte menos que as regras no grupo de controle<br>&nbsp;&nbsp;<b>Quando</b> a avaliação mensal fecha<br>&nbsp;&nbsp;<b>Então</b> as regras continuam valendo</p>"
"","Product Backlog Item","","","[PBI-051] Monitor de modelo e retreino mensal (Flywheel de Dados)","","2","5","65","","","ForwardService\Sprint 6","fwd-import; MoSCoW:Should; Frente:ML; ArchiMate:ML Model Monitor; ArchiMate:Cron segmentador 02h; ArchiMate:Flywheel de Dados; REQ-03; REQ-04","<p><b>História de usuário</b><br>Como <b>Analista ML</b>, quero <b>monitorar drift e AUC mensalmente e retreinar com os novos dados</b>, para <b>que o modelo melhore com o uso</b>.</p><p><b>Contexto técnico</b><br>ML Model Monitor com PSI das features e AUC por coorte; Cron segmentador 02h; retreino versionado com aprovação manual.</p><p><b>Planejamento</b></p><ul><li>Sprint: Sprint 6 (09/11/2026 a 06/12/2026)</li><li>Prioridade: Should (MoSCoW) = Priority 2</li><li>Esforço: 5 pontos (Planning Poker, Fibonacci). Valor de negócio: 65</li><li>Responsável: Lucca Saraiva Borges</li><li>Ordem de implementação no backlog: 51º</li><li>Predecessoras: PBI-050 Recomendador de ação por ML (camada 3); PBI-049 Monitoramento com Grafana e alertas de SLA</li></ul><p><b>Rastreabilidade TOGAF/ArchiMate</b></p><ul><li>Elementos ArchiMate: ML Model Monitor; Cron segmentador 02h; Flywheel de Dados</li><li>Requisitos de qualidade: REQ-03: AUC classificador ≥ 0,82; REQ-04: Falsos positivos churn &lt; 10%</li><li>Feature: [FT-02.2] Recomendador e MLOps (Flywheel de Dados). Épico: [EP-02] Intelligence Hub: scoring e segmentação de churn</li></ul><p><b>Critérios de Pronto (DoD)</b></p><ol><li>Todos os cenários Gherkin do critério de aceite verificados e evidenciados (teste automatizado, relatório ou roteiro com prints).</li><li>Código ou artefato revisado em pull request aprovado por outro integrante (CODEOWNERS) e integrado à branch main.</li><li>Pipeline de CI verde: build, testes, lint e verificações de segurança (SAST, SCA e secret scan).</li><li>Testes automatizados para o caminho feliz e para os cenários de erro sempre que o item envolve código.</li><li>Nenhuma vulnerabilidade High/Critical aberta sem aceite formal, nenhum segredo commitado e dados pessoais tratados conforme a LGPD (REQ-05).</li><li>Requisitos de qualidade aplicáveis (REQ-01 a REQ-07) atendidos e medidos.</li><li>Documentação atualizada (README, OpenAPI, wiki ou model card) e rastreabilidade ArchiMate mantida nas tags.</li><li>Demonstrado ao Product Owner na Sprint Review e estado atualizado para Done no Azure Boards.</li><li>Versionamento de modelo com data e métricas.</li></ol><p><i>Chave de rastreio PBI-051, gerada a partir de forward-docs/academic/qa/sprint3/backlog.json.</i></p>","<p><b>Funcionalidade:</b> MLOps</p><p><b>Cenário 1: Drift detectado</b> <i>(caminho feliz)</i><br>&nbsp;&nbsp;<b>Dado</b> um PSI acima de 0,2 em uma feature relevante<br>&nbsp;&nbsp;<b>Quando</b> o monitor mensal executa<br>&nbsp;&nbsp;<b>Então</b> o retreino é proposto com relatório comparativo</p><p><b>Cenário 2: Modelo retreinado pior que o atual</b> <i>(erro)</i><br>&nbsp;&nbsp;<b>Dado</b> um modelo retreinado com AUC menor que o atual<br>&nbsp;&nbsp;<b>Quando</b> a comparação é feita<br>&nbsp;&nbsp;<b>Então</b> o modelo atual é mantido</p>"
"","Epic","[EP-05] Segurança, privacidade (LGPD) e compliance","","","","1","33","90","","","ForwardService","fwd-import; MoSCoW:Must; ArchiMate:Auth/RBAC Service; ArchiMate:Audit Trail Service; ArchiMate:audit_log; ArchiMate:audit_log viewer; ArchiMate:HTTPS / TLS 1.2+; ArchiMate:GitHub Actions CI; REQ-02; REQ-05","<p><b>Objetivo</b><br>Proteger dados pessoais e a plataforma com controles verificáveis e evidências de conformidade.</p><p><b>Hipótese de valor</b><br>Se segurança e privacidade forem automatizadas e evidenciadas, então a Ford pode confiar dados reais ao piloto, medido por zero achados High/Critical abertos e 100% dos itens LGPD com evidência.</p><p><b>Métricas de sucesso</b></p><ul><li>REQ-05: dados pseudonimizados no pipeline e PII protegida.</li><li>Zero segredos nos repositórios.</li><li>MTTR de incidente P0 abaixo de 24 horas.</li></ul><p><b>Features</b></p><ul><li>[FT-05.1] Privacidade e LGPD (20 pts, In Progress)</li><li>[FT-05.2] DevSecOps e hardening (8 pts, In Progress)</li><li>[FT-05.3] Observabilidade de segurança, incidentes e conformidade (5 pts, In Progress)</li></ul><p><b>Rastreabilidade e planejamento</b></p><ul><li>Pilar: Transversal (Cybersecurity)</li><li>Elementos ArchiMate: Auth/RBAC Service; Audit Trail Service; audit_log; audit_log viewer; HTTPS / TLS 1.2+; GitHub Actions CI</li><li>Requisitos de qualidade: REQ-02: Disponibilidade ≥ 99%; REQ-05: LGPD — dados pseudonimizados</li><li>Esforço total: 33 pontos. Prioridade: Must (Priority 1)</li></ul><p><b>Critérios de Pronto (DoD do Épico)</b></p><ol><li>Features necessárias em Done; as remanescentes repriorizadas pelo Product Owner.</li><li>Métricas de sucesso do épico medidas e registradas na wiki.</li><li>Views ArchiMate atualizadas quando a arquitetura mudou.</li><li>Resultado apresentado aos stakeholders (banca FIAP x Ford) e lições registradas na retrospectiva.</li></ol><p><i>Chave de rastreio EP-05, gerada a partir de forward-docs/academic/qa/sprint3/backlog.json.</i></p>","<p><b>Critérios de aceite do épico</b></p><ul><li>Pipeline DevSecOps ativo em todos os repositórios de código.</li><li>Checklist OWASP e LGPD com evidência por item.</li><li>Runbook de incidentes aprovado.</li></ul>"
"","Feature","","[FT-05.1] Privacidade e LGPD","","","1","20","85","","","ForwardService","fwd-import; MoSCoW:Must; ArchiMate:Audit Trail Service; ArchiMate:audit_log; ArchiMate:Supabase / PostgreSQL; REQ-05","<p><b>Objetivo</b><br>Isolamento por concessionária, auditoria, criptografia de PII, logs sem PII, retenção e direitos do titular.</p><p><b>Persona principal:</b> Encarregado de dados (DPO)</p><p><b>PBIs</b></p><ul><li>[PBI-015] Baseline de segurança de dados: RLS, audit_log e retenção LGPD (Sprint 2, 5 pts, Done)</li><li>[PBI-035] Criptografia de PII em nível de campo (Sprint 4, 5 pts, New)</li><li>[PBI-036] Logs sem PII e auditoria de ações sensíveis (Sprint 4, 5 pts, New)</li><li>[PBI-055] Anonimização completa e direito ao esquecimento (Sprint 6, 5 pts, New)</li></ul><p><b>Rastreabilidade e planejamento</b></p><ul><li>Elementos ArchiMate: Audit Trail Service; audit_log; Supabase / PostgreSQL</li><li>Requisitos de qualidade: REQ-05: LGPD — dados pseudonimizados</li><li>Épico: [EP-05] Segurança, privacidade (LGPD) e compliance</li><li>Esforço total: 20 pontos. Prioridade: Must (Priority 1)</li></ul><p><b>Critérios de Pronto (DoD da Feature)</b></p><ol><li>Todos os PBIs filhos em Done ou movidos explicitamente pelo Product Owner.</li><li>Fluxo ponta a ponta da feature demonstrado em ambiente integrado.</li><li>Critérios de aceite da feature verificados na Sprint Review.</li><li>Documentação e diagramas afetados atualizados (README, wiki, views ArchiMate).</li></ol><p><i>Chave de rastreio FT-05.1, gerada a partir de forward-docs/academic/qa/sprint3/backlog.json.</i></p>","<p><b>Funcionalidade:</b> Dados pessoais protegidos de ponta a ponta</p><p><b>Cenário 1: PII protegida em todas as camadas</b> <i>(caminho feliz)</i><br>&nbsp;&nbsp;<b>Dado</b> um dado pessoal de cliente<br>&nbsp;&nbsp;<b>Quando</b> ele é armazenado, registrado em log ou analisado pelo ML<br>&nbsp;&nbsp;<b>Então</b> está cifrado, mascarado ou pseudonimizado conforme o caso</p><p><b>Cenário 2: Acesso sem trilha</b> <i>(erro)</i><br>&nbsp;&nbsp;<b>Dado</b> um acesso a dados pessoais<br>&nbsp;&nbsp;<b>Quando</b> ele não gera registro em audit_log<br>&nbsp;&nbsp;<b>Então</b> o teste de auditoria falha</p>"
"","Product Backlog Item","","","[PBI-015] Baseline de segurança de dados: RLS, audit_log e retenção LGPD","","1","5","85","","","ForwardService\Sprint 2","fwd-import; MoSCoW:Must; Frente:Cyber; ArchiMate:Audit Trail Service; ArchiMate:audit_log; ArchiMate:Supabase / PostgreSQL; REQ-05","<p><b>História de usuário</b><br>Como <b>Encarregado de dados (DPO)</b>, quero <b>isolamento por concessionária, trilha de auditoria imutável e política de retenção</b>, para <b>cumprir a LGPD desde o MVP</b>.</p><p><b>Contexto técnico</b><br>RLS por dealer_id (migration 010), audit_log append-only (migration 009), reaper de anonimização com carência de 30 dias (migration 013), threat model STRIDE e mapeamento OWASP Top 10.</p><p><b>Planejamento</b></p><ul><li>Sprint: Sprint 2 (20/04/2026 a 24/05/2026)</li><li>Prioridade: Must (MoSCoW) = Priority 1</li><li>Esforço: 5 pontos (Planning Poker, Fibonacci). Valor de negócio: 85</li><li>Responsável: João Victor Franco</li><li>Ordem de implementação no backlog: 15º</li><li>Predecessoras: PBI-005 Schema PostgreSQL com migrations versionadas e seed sintético</li></ul><p><b>Rastreabilidade TOGAF/ArchiMate</b></p><ul><li>Elementos ArchiMate: Audit Trail Service; audit_log; Supabase / PostgreSQL</li><li>Requisitos de qualidade: REQ-05: LGPD — dados pseudonimizados</li><li>Feature: [FT-05.1] Privacidade e LGPD. Épico: [EP-05] Segurança, privacidade (LGPD) e compliance</li></ul><p><b>Critérios de Pronto (DoD)</b></p><ol><li>Todos os cenários Gherkin do critério de aceite verificados e evidenciados (teste automatizado, relatório ou roteiro com prints).</li><li>Código ou artefato revisado em pull request aprovado por outro integrante (CODEOWNERS) e integrado à branch main.</li><li>Pipeline de CI verde: build, testes, lint e verificações de segurança (SAST, SCA e secret scan).</li><li>Testes automatizados para o caminho feliz e para os cenários de erro sempre que o item envolve código.</li><li>Nenhuma vulnerabilidade High/Critical aberta sem aceite formal, nenhum segredo commitado e dados pessoais tratados conforme a LGPD (REQ-05).</li><li>Requisitos de qualidade aplicáveis (REQ-01 a REQ-07) atendidos e medidos.</li><li>Documentação atualizada (README, OpenAPI, wiki ou model card) e rastreabilidade ArchiMate mantida nas tags.</li><li>Demonstrado ao Product Owner na Sprint Review e estado atualizado para Done no Azure Boards.</li><li>Threat model STRIDE e OWASP Top 10 publicados.</li><li>Runbook de backup e restore.</li></ol><p><b>Evidência de entrega</b><br>forward-infra PRs #6 e #7; forward-docs PR #16.</p><p><i>Chave de rastreio PBI-015, gerada a partir de forward-docs/academic/qa/sprint3/backlog.json.</i></p>","<p><b>Funcionalidade:</b> Proteção de dados pessoais</p><p><b>Cenário 1: Isolamento entre concessionárias</b> <i>(caminho feliz)</i><br>&nbsp;&nbsp;<b>Dado</b> um atendente da concessionária A<br>&nbsp;&nbsp;<b>Quando</b> ele consulta leads<br>&nbsp;&nbsp;<b>Então</b> nenhum registro da concessionária B é retornado</p><p><b>Cenário 2: Auditoria não pode ser alterada</b> <i>(erro)</i><br>&nbsp;&nbsp;<b>Dado</b> um registro em audit_log<br>&nbsp;&nbsp;<b>Quando</b> alguém tenta executar UPDATE ou DELETE nele<br>&nbsp;&nbsp;<b>Então</b> o banco rejeita a operação</p><p><b>Cenário 3: Pedido de esquecimento</b> <i>(caso de borda)</i><br>&nbsp;&nbsp;<b>Dado</b> um cliente com pedido de exclusão há mais de 30 dias<br>&nbsp;&nbsp;<b>Quando</b> o reaper diário executa<br>&nbsp;&nbsp;<b>Então</b> os campos pessoais são anonimizados preservando as chaves</p>"
"","Product Backlog Item","","","[PBI-035] Criptografia de PII em nível de campo","","2","5","70","","","ForwardService\Sprint 4","fwd-import; MoSCoW:Should; Frente:Cyber; ArchiMate:Supabase / PostgreSQL; ArchiMate:Audit Trail Service; REQ-05","<p><b>História de usuário</b><br>Como <b>Encarregado de dados (DPO)</b>, quero <b>CPF, e-mail e telefone cifrados pela aplicação</b>, para <b>que um dump do banco não revele dados pessoais (roadmap R2)</b>.</p><p><b>Contexto técnico</b><br>Conversor de persistência com AES-GCM e chave em variável de ambiente; busca por hash determinístico quando necessário.</p><p><b>Planejamento</b></p><ul><li>Sprint: Sprint 4 (28/09/2026 a 11/10/2026)</li><li>Prioridade: Should (MoSCoW) = Priority 2</li><li>Esforço: 5 pontos (Planning Poker, Fibonacci). Valor de negócio: 70</li><li>Responsável: Ruan Melo Vieira</li><li>Ordem de implementação no backlog: 35º</li><li>Predecessoras: PBI-015 Baseline de segurança de dados: RLS, audit_log e retenção LGPD</li></ul><p><b>Rastreabilidade TOGAF/ArchiMate</b></p><ul><li>Elementos ArchiMate: Supabase / PostgreSQL; Audit Trail Service</li><li>Requisitos de qualidade: REQ-05: LGPD — dados pseudonimizados</li><li>Feature: [FT-05.1] Privacidade e LGPD. Épico: [EP-05] Segurança, privacidade (LGPD) e compliance</li></ul><p><b>Critérios de Pronto (DoD)</b></p><ol><li>Todos os cenários Gherkin do critério de aceite verificados e evidenciados (teste automatizado, relatório ou roteiro com prints).</li><li>Código ou artefato revisado em pull request aprovado por outro integrante (CODEOWNERS) e integrado à branch main.</li><li>Pipeline de CI verde: build, testes, lint e verificações de segurança (SAST, SCA e secret scan).</li><li>Testes automatizados para o caminho feliz e para os cenários de erro sempre que o item envolve código.</li><li>Nenhuma vulnerabilidade High/Critical aberta sem aceite formal, nenhum segredo commitado e dados pessoais tratados conforme a LGPD (REQ-05).</li><li>Requisitos de qualidade aplicáveis (REQ-01 a REQ-07) atendidos e medidos.</li><li>Documentação atualizada (README, OpenAPI, wiki ou model card) e rastreabilidade ArchiMate mantida nas tags.</li><li>Demonstrado ao Product Owner na Sprint Review e estado atualizado para Done no Azure Boards.</li><li>Procedimento de rotação de chave documentado.</li></ol><p><i>Chave de rastreio PBI-035, gerada a partir de forward-docs/academic/qa/sprint3/backlog.json.</i></p>","<p><b>Funcionalidade:</b> Proteção de PII em repouso</p><p><b>Cenário 1: Dump sem PII em claro</b> <i>(caminho feliz)</i><br>&nbsp;&nbsp;<b>Dado</b> clientes com telefone cadastrado<br>&nbsp;&nbsp;<b>Quando</b> o banco é exportado<br>&nbsp;&nbsp;<b>Então</b> o campo telefone aparece apenas cifrado</p><p><b>Cenário 2: Chave de criptografia ausente</b> <i>(erro)</i><br>&nbsp;&nbsp;<b>Dado</b> a variável da chave não configurada<br>&nbsp;&nbsp;<b>Quando</b> a API inicia<br>&nbsp;&nbsp;<b>Então</b> a inicialização falha com mensagem clara<br>&nbsp;&nbsp;<b>E</b> nenhum dado é gravado em claro</p>"
"","Product Backlog Item","","","[PBI-036] Logs sem PII e auditoria de ações sensíveis","","2","5","70","","","ForwardService\Sprint 4","fwd-import; MoSCoW:Should; Frente:Cyber; ArchiMate:Audit Trail Service; ArchiMate:audit_log; ArchiMate:audit_log viewer; REQ-05","<p><b>História de usuário</b><br>Como <b>Encarregado de dados (DPO)</b>, quero <b>logs sem dados pessoais e trilha de auditoria das ações sensíveis</b>, para <b>investigar incidentes sem criar novos riscos (roadmap R3 e R4)</b>.</p><p><b>Contexto técnico</b><br>Mascaramento de CPF, e-mail e telefone no Logback; aspecto de auditoria para leitura de cliente, registro de evento e mudança de status de lead.</p><p><b>Planejamento</b></p><ul><li>Sprint: Sprint 4 (28/09/2026 a 11/10/2026)</li><li>Prioridade: Should (MoSCoW) = Priority 2</li><li>Esforço: 5 pontos (Planning Poker, Fibonacci). Valor de negócio: 70</li><li>Responsável: João Victor Franco</li><li>Ordem de implementação no backlog: 36º</li><li>Predecessoras: PBI-028 Hardening de código e infraestrutura com evidências</li></ul><p><b>Rastreabilidade TOGAF/ArchiMate</b></p><ul><li>Elementos ArchiMate: Audit Trail Service; audit_log; audit_log viewer</li><li>Requisitos de qualidade: REQ-05: LGPD — dados pseudonimizados</li><li>Feature: [FT-05.1] Privacidade e LGPD. Épico: [EP-05] Segurança, privacidade (LGPD) e compliance</li></ul><p><b>Critérios de Pronto (DoD)</b></p><ol><li>Todos os cenários Gherkin do critério de aceite verificados e evidenciados (teste automatizado, relatório ou roteiro com prints).</li><li>Código ou artefato revisado em pull request aprovado por outro integrante (CODEOWNERS) e integrado à branch main.</li><li>Pipeline de CI verde: build, testes, lint e verificações de segurança (SAST, SCA e secret scan).</li><li>Testes automatizados para o caminho feliz e para os cenários de erro sempre que o item envolve código.</li><li>Nenhuma vulnerabilidade High/Critical aberta sem aceite formal, nenhum segredo commitado e dados pessoais tratados conforme a LGPD (REQ-05).</li><li>Requisitos de qualidade aplicáveis (REQ-01 a REQ-07) atendidos e medidos.</li><li>Documentação atualizada (README, OpenAPI, wiki ou model card) e rastreabilidade ArchiMate mantida nas tags.</li><li>Demonstrado ao Product Owner na Sprint Review e estado atualizado para Done no Azure Boards.</li><li>Busca pelo CPF de fixture nos logs retorna zero ocorrências.</li></ol><p><i>Chave de rastreio PBI-036, gerada a partir de forward-docs/academic/qa/sprint3/backlog.json.</i></p>","<p><b>Funcionalidade:</b> Rastreabilidade segura</p><p><b>Cenário 1: Ação sensível auditada</b> <i>(caminho feliz)</i><br>&nbsp;&nbsp;<b>Dado</b> um atendente autenticado<br>&nbsp;&nbsp;<b>Quando</b> ele abre a ficha de um cliente<br>&nbsp;&nbsp;<b>Então</b> audit_log registra ator, ação, recurso e horário</p><p><b>Cenário 2: PII em log</b> <i>(erro)</i><br>&nbsp;&nbsp;<b>Dado</b> uma requisição com CPF no corpo<br>&nbsp;&nbsp;<b>Quando</b> a aplicação registra o log<br>&nbsp;&nbsp;<b>Então</b> o CPF aparece mascarado</p>"
"","Product Backlog Item","","","[PBI-055] Anonimização completa e direito ao esquecimento","","1","5","75","","","ForwardService\Sprint 6","fwd-import; MoSCoW:Must; Frente:Cyber; ArchiMate:Audit Trail Service; ArchiMate:audit_log; ArchiMate:Supabase / PostgreSQL; REQ-05","<p><b>História de usuário</b><br>Como <b>Cliente Ford</b>, quero <b>que meus dados sejam anonimizados quando eu pedir ou quando o prazo de retenção vencer</b>, para <b>exercer meus direitos previstos na LGPD</b>.</p><p><b>Contexto técnico</b><br>Fluxo ponta a ponta de solicitação do titular, carência, anonimização em todas as tabelas e confirmação ao titular; relatórios sem PII.</p><p><b>Planejamento</b></p><ul><li>Sprint: Sprint 6 (09/11/2026 a 06/12/2026)</li><li>Prioridade: Must (MoSCoW) = Priority 1</li><li>Esforço: 5 pontos (Planning Poker, Fibonacci). Valor de negócio: 75</li><li>Responsável: Ruan Melo Vieira</li><li>Ordem de implementação no backlog: 55º</li><li>Predecessoras: PBI-035 Criptografia de PII em nível de campo; PBI-036 Logs sem PII e auditoria de ações sensíveis</li></ul><p><b>Rastreabilidade TOGAF/ArchiMate</b></p><ul><li>Elementos ArchiMate: Audit Trail Service; audit_log; Supabase / PostgreSQL</li><li>Requisitos de qualidade: REQ-05: LGPD — dados pseudonimizados</li><li>Feature: [FT-05.1] Privacidade e LGPD. Épico: [EP-05] Segurança, privacidade (LGPD) e compliance</li></ul><p><b>Critérios de Pronto (DoD)</b></p><ol><li>Todos os cenários Gherkin do critério de aceite verificados e evidenciados (teste automatizado, relatório ou roteiro com prints).</li><li>Código ou artefato revisado em pull request aprovado por outro integrante (CODEOWNERS) e integrado à branch main.</li><li>Pipeline de CI verde: build, testes, lint e verificações de segurança (SAST, SCA e secret scan).</li><li>Testes automatizados para o caminho feliz e para os cenários de erro sempre que o item envolve código.</li><li>Nenhuma vulnerabilidade High/Critical aberta sem aceite formal, nenhum segredo commitado e dados pessoais tratados conforme a LGPD (REQ-05).</li><li>Requisitos de qualidade aplicáveis (REQ-01 a REQ-07) atendidos e medidos.</li><li>Documentação atualizada (README, OpenAPI, wiki ou model card) e rastreabilidade ArchiMate mantida nas tags.</li><li>Demonstrado ao Product Owner na Sprint Review e estado atualizado para Done no Azure Boards.</li><li>Evidência de teste com fixture.</li></ol><p><i>Chave de rastreio PBI-055, gerada a partir de forward-docs/academic/qa/sprint3/backlog.json.</i></p>","<p><b>Funcionalidade:</b> Direitos do titular</p><p><b>Cenário 1: Pedido de exclusão atendido</b> <i>(caminho feliz)</i><br>&nbsp;&nbsp;<b>Dado</b> um pedido de exclusão confirmado<br>&nbsp;&nbsp;<b>Quando</b> a carência de 30 dias termina<br>&nbsp;&nbsp;<b>Então</b> os dados pessoais são anonimizados em todas as tabelas<br>&nbsp;&nbsp;<b>E</b> o titular recebe a confirmação</p><p><b>Cenário 2: Obrigação legal de guarda</b> <i>(erro)</i><br>&nbsp;&nbsp;<b>Dado</b> um dado que precisa ser mantido por obrigação legal<br>&nbsp;&nbsp;<b>Quando</b> o pedido é processado<br>&nbsp;&nbsp;<b>Então</b> o dado é mantido bloqueado com a justificativa registrada</p>"
"","Feature","","[FT-05.2] DevSecOps e hardening","","","1","8","85","","","ForwardService","fwd-import; MoSCoW:Must; ArchiMate:GitHub Actions CI; ArchiMate:Docker Engine; ArchiMate:HTTPS / TLS 1.2+; REQ-05","<p><b>Objetivo</b><br>Segurança automatizada no pipeline e correção dos achados com evidências.</p><p><b>Persona principal:</b> Desenvolvedor da Equipe ForwardService</p><p><b>PBIs</b></p><ul><li>[PBI-027] Pipeline DevSecOps no GitHub Actions (Sprint 3, 5 pts, Done)</li><li>[PBI-028] Hardening de código e infraestrutura com evidências (Sprint 3, 3 pts, Committed)</li></ul><p><b>Rastreabilidade e planejamento</b></p><ul><li>Elementos ArchiMate: GitHub Actions CI; Docker Engine; HTTPS / TLS 1.2+</li><li>Requisitos de qualidade: REQ-05: LGPD — dados pseudonimizados</li><li>Épico: [EP-05] Segurança, privacidade (LGPD) e compliance</li><li>Esforço total: 8 pontos. Prioridade: Must (Priority 1)</li></ul><p><b>Critérios de Pronto (DoD da Feature)</b></p><ol><li>Todos os PBIs filhos em Done ou movidos explicitamente pelo Product Owner.</li><li>Fluxo ponta a ponta da feature demonstrado em ambiente integrado.</li><li>Critérios de aceite da feature verificados na Sprint Review.</li><li>Documentação e diagramas afetados atualizados (README, wiki, views ArchiMate).</li></ol><p><i>Chave de rastreio FT-05.2, gerada a partir de forward-docs/academic/qa/sprint3/backlog.json.</i></p>","<p><b>Funcionalidade:</b> Nada inseguro chega à main</p><p><b>Cenário 1: Merge bloqueado por achado grave</b> <i>(caminho feliz)</i><br>&nbsp;&nbsp;<b>Dado</b> um PR em qualquer repositório<br>&nbsp;&nbsp;<b>Quando</b> o pipeline encontra achado High/Critical ou segredo<br>&nbsp;&nbsp;<b>Então</b> o merge é bloqueado até correção ou aceite formal</p><p><b>Cenário 2: Falso positivo</b> <i>(caso de borda)</i><br>&nbsp;&nbsp;<b>Dado</b> um achado classificado como falso positivo<br>&nbsp;&nbsp;<b>Quando</b> o time o suprime<br>&nbsp;&nbsp;<b>Então</b> a supressão é justificada no próprio arquivo de configuração</p>"
"","Product Backlog Item","","","[PBI-027] Pipeline DevSecOps no GitHub Actions","","1","5","85","","","ForwardService\Sprint 3","fwd-import; MoSCoW:Must; Frente:Cyber; ArchiMate:GitHub Actions CI; ArchiMate:Docker Engine; REQ-05","<p><b>História de usuário</b><br>Como <b>Desenvolvedor da Equipe ForwardService</b>, quero <b>análises de segurança automáticas em cada pull request</b>, para <b>detectar vulnerabilidades, dependências inseguras e segredos antes do merge</b>.</p><p><b>Contexto técnico</b><br>SAST com Semgrep e CodeQL, SCA com Dependabot e dependency-review, secret scanning com Gitleaks e varredura de contêiner e IaC com Trivy, com gate por severidade.</p><p><b>Planejamento</b></p><ul><li>Sprint: Sprint 3 (03/08/2026 a 27/09/2026)</li><li>Prioridade: Must (MoSCoW) = Priority 1</li><li>Esforço: 5 pontos (Planning Poker, Fibonacci). Valor de negócio: 85</li><li>Responsável: João Victor Franco</li><li>Ordem de implementação no backlog: 27º</li><li>Predecessoras: PBI-001 Setup do time: papéis Scrum, organização GitHub, repositórios e CI mínimo</li></ul><p><b>Rastreabilidade TOGAF/ArchiMate</b></p><ul><li>Elementos ArchiMate: GitHub Actions CI; Docker Engine</li><li>Requisitos de qualidade: REQ-05: LGPD — dados pseudonimizados</li><li>Feature: [FT-05.2] DevSecOps e hardening. Épico: [EP-05] Segurança, privacidade (LGPD) e compliance</li></ul><p><b>Critérios de Pronto (DoD)</b></p><ol><li>Todos os cenários Gherkin do critério de aceite verificados e evidenciados (teste automatizado, relatório ou roteiro com prints).</li><li>Código ou artefato revisado em pull request aprovado por outro integrante (CODEOWNERS) e integrado à branch main.</li><li>Pipeline de CI verde: build, testes, lint e verificações de segurança (SAST, SCA e secret scan).</li><li>Testes automatizados para o caminho feliz e para os cenários de erro sempre que o item envolve código.</li><li>Nenhuma vulnerabilidade High/Critical aberta sem aceite formal, nenhum segredo commitado e dados pessoais tratados conforme a LGPD (REQ-05).</li><li>Requisitos de qualidade aplicáveis (REQ-01 a REQ-07) atendidos e medidos.</li><li>Documentação atualizada (README, OpenAPI, wiki ou model card) e rastreabilidade ArchiMate mantida nas tags.</li><li>Demonstrado ao Product Owner na Sprint Review e estado atualizado para Done no Azure Boards.</li><li>Workflows reutilizáveis documentados.</li><li>Achados exportados como evidência.</li></ol><p><i>Chave de rastreio PBI-027, gerada a partir de forward-docs/academic/qa/sprint3/backlog.json.</i></p>","<p><b>Funcionalidade:</b> Segurança contínua</p><p><b>Cenário 1: PR sem achados é aprovado pelo pipeline</b> <i>(caminho feliz)</i><br>&nbsp;&nbsp;<b>Dado</b> um pull request sem achados High ou Critical<br>&nbsp;&nbsp;<b>Quando</b> o pipeline DevSecOps executa<br>&nbsp;&nbsp;<b>Então</b> todos os jobs de segurança ficam verdes</p><p><b>Cenário 2: Segredo detectado</b> <i>(erro)</i><br>&nbsp;&nbsp;<b>Dado</b> um commit contendo uma chave de API<br>&nbsp;&nbsp;<b>Quando</b> o Gitleaks executa<br>&nbsp;&nbsp;<b>Então</b> o job falha<br>&nbsp;&nbsp;<b>E</b> o merge é bloqueado</p><p><b>Cenário 3: Dependência vulnerável</b> <i>(erro)</i><br>&nbsp;&nbsp;<b>Dado</b> um pull request que adiciona uma dependência com CVE crítica<br>&nbsp;&nbsp;<b>Quando</b> o dependency-review executa<br>&nbsp;&nbsp;<b>Então</b> o pull request é sinalizado e bloqueado</p>"
"","Task","","","","[TSK-3.22] Workflow SAST com Semgrep e CodeQL","1","","","0","Deployment","ForwardService\Sprint 3","fwd-import; Frente:Cyber","<p>Adicionar os jobs de SAST reutilizáveis e habilitar nos repositórios de código.</p><ul><li>Atividade: Deployment</li><li>Estimativa: 4 h. Restante: 0 h. Complexidade: 2 pontos (Fibonacci)</li><li>Responsável: João Victor Franco</li><li>Predecessoras técnicas: nenhuma</li><li>PBI: [PBI-027] Pipeline DevSecOps no GitHub Actions</li></ul><p><b>Critérios de Pronto da tarefa</b></p><ol><li>Trabalho commitado em branch vinculada ao PBI e revisado por outro integrante.</li><li>Remaining Work zerado e estado Done no taskboard.</li><li>Evidência registrada no PBI quando a tarefa é de teste ou de documentação.</li></ol><p><i>Chave de rastreio TSK-3.22, gerada a partir de forward-docs/academic/qa/sprint3/backlog.json.</i></p>",""
"","Task","","","","[TSK-3.23] SCA com Dependabot e dependency-review e secret scanning com Gitleaks","1","","","0","Deployment","ForwardService\Sprint 3","fwd-import; Frente:Cyber","<p>Configurar Dependabot, dependency-review nos PRs e Gitleaks com bloqueio de merge.</p><ul><li>Atividade: Deployment</li><li>Estimativa: 3 h. Restante: 0 h. Complexidade: 2 pontos (Fibonacci)</li><li>Responsável: João Victor Franco</li><li>Predecessoras técnicas: TSK-3.22 Workflow SAST com Semgrep e CodeQL</li><li>PBI: [PBI-027] Pipeline DevSecOps no GitHub Actions</li></ul><p><b>Critérios de Pronto da tarefa</b></p><ol><li>Trabalho commitado em branch vinculada ao PBI e revisado por outro integrante.</li><li>Remaining Work zerado e estado Done no taskboard.</li><li>Evidência registrada no PBI quando a tarefa é de teste ou de documentação.</li></ol><p><i>Chave de rastreio TSK-3.23, gerada a partir de forward-docs/academic/qa/sprint3/backlog.json.</i></p>",""
"","Task","","","","[TSK-3.24] Trivy para imagem Docker e IaC com gate por severidade","1","","","0","Deployment","ForwardService\Sprint 3","fwd-import; Frente:Cyber","<p>Varrer a imagem da API e os arquivos de infraestrutura, falhando em High/Critical.</p><ul><li>Atividade: Deployment</li><li>Estimativa: 3 h. Restante: 0 h. Complexidade: 2 pontos (Fibonacci)</li><li>Responsável: João Victor Franco</li><li>Predecessoras técnicas: TSK-3.22 Workflow SAST com Semgrep e CodeQL</li><li>PBI: [PBI-027] Pipeline DevSecOps no GitHub Actions</li></ul><p><b>Critérios de Pronto da tarefa</b></p><ol><li>Trabalho commitado em branch vinculada ao PBI e revisado por outro integrante.</li><li>Remaining Work zerado e estado Done no taskboard.</li><li>Evidência registrada no PBI quando a tarefa é de teste ou de documentação.</li></ol><p><i>Chave de rastreio TSK-3.24, gerada a partir de forward-docs/academic/qa/sprint3/backlog.json.</i></p>",""
"","Product Backlog Item","","","[PBI-028] Hardening de código e infraestrutura com evidências","","1","3","75","","","ForwardService\Sprint 3","fwd-import; MoSCoW:Must; Frente:Cyber; ArchiMate:forward-api-java; ArchiMate:HTTPS / TLS 1.2+; ArchiMate:Docker Engine; REQ-05","<p><b>História de usuário</b><br>Como <b>Encarregado de dados (DPO)</b>, quero <b>os achados relevantes corrigidos e documentados</b>, para <b>demonstrar a postura de segurança da solução</b>.</p><p><b>Contexto técnico</b><br>Correção dos achados High/Critical do pipeline; cabeçalhos de segurança, CORS restrito, limite de payload e imagem Docker sem usuário root; registro de antes e depois.</p><p><b>Planejamento</b></p><ul><li>Sprint: Sprint 3 (03/08/2026 a 27/09/2026)</li><li>Prioridade: Must (MoSCoW) = Priority 1</li><li>Esforço: 3 pontos (Planning Poker, Fibonacci). Valor de negócio: 75</li><li>Responsável: Ruan Melo Vieira</li><li>Ordem de implementação no backlog: 28º</li><li>Predecessoras: PBI-027 Pipeline DevSecOps no GitHub Actions</li></ul><p><b>Rastreabilidade TOGAF/ArchiMate</b></p><ul><li>Elementos ArchiMate: forward-api-java; HTTPS / TLS 1.2+; Docker Engine</li><li>Requisitos de qualidade: REQ-05: LGPD — dados pseudonimizados</li><li>Feature: [FT-05.2] DevSecOps e hardening. Épico: [EP-05] Segurança, privacidade (LGPD) e compliance</li></ul><p><b>Critérios de Pronto (DoD)</b></p><ol><li>Todos os cenários Gherkin do critério de aceite verificados e evidenciados (teste automatizado, relatório ou roteiro com prints).</li><li>Código ou artefato revisado em pull request aprovado por outro integrante (CODEOWNERS) e integrado à branch main.</li><li>Pipeline de CI verde: build, testes, lint e verificações de segurança (SAST, SCA e secret scan).</li><li>Testes automatizados para o caminho feliz e para os cenários de erro sempre que o item envolve código.</li><li>Nenhuma vulnerabilidade High/Critical aberta sem aceite formal, nenhum segredo commitado e dados pessoais tratados conforme a LGPD (REQ-05).</li><li>Requisitos de qualidade aplicáveis (REQ-01 a REQ-07) atendidos e medidos.</li><li>Documentação atualizada (README, OpenAPI, wiki ou model card) e rastreabilidade ArchiMate mantida nas tags.</li><li>Demonstrado ao Product Owner na Sprint Review e estado atualizado para Done no Azure Boards.</li><li>Zero achados High/Critical abertos sem aceite formal.</li></ol><p><i>Chave de rastreio PBI-028, gerada a partir de forward-docs/academic/qa/sprint3/backlog.json.</i></p>","<p><b>Funcionalidade:</b> Redução da superfície de ataque</p><p><b>Cenário 1: Achado corrigido com evidência</b> <i>(caminho feliz)</i><br>&nbsp;&nbsp;<b>Dado</b> um achado High reportado pelo Semgrep<br>&nbsp;&nbsp;<b>Quando</b> a correção é integrada à main<br>&nbsp;&nbsp;<b>Então</b> a nova execução não reporta o achado<br>&nbsp;&nbsp;<b>E</b> o registro guarda o antes e o depois</p><p><b>Cenário 2: Origem não permitida</b> <i>(erro)</i><br>&nbsp;&nbsp;<b>Dado</b> uma requisição de origem fora da allowlist de CORS<br>&nbsp;&nbsp;<b>Quando</b> ela chega à API<br>&nbsp;&nbsp;<b>Então</b> a resposta não inclui os cabeçalhos de permissão de CORS</p><p><b>Cenário 3: Risco aceito formalmente</b> <i>(caso de borda)</i><br>&nbsp;&nbsp;<b>Dado</b> um achado sem correção disponível<br>&nbsp;&nbsp;<b>Quando</b> o time decide aceitá-lo<br>&nbsp;&nbsp;<b>Então</b> o risco é registrado com justificativa e prazo de revisão</p>"
"","Task","","","","[TSK-3.25] Corrigir achados High/Critical e registrar evidências de antes e depois","1","","","2","Development","ForwardService\Sprint 3","fwd-import; Frente:Cyber","<p>Tratar os achados do pipeline, aplicar cabeçalhos de segurança e CORS restrito e documentar riscos aceitos.</p><ul><li>Atividade: Development</li><li>Estimativa: 6 h. Restante: 2 h. Complexidade: 3 pontos (Fibonacci)</li><li>Responsável: Ruan Melo Vieira</li><li>Predecessoras técnicas: TSK-3.23 SCA com Dependabot e dependency-review e secret scanning com Gitleaks; TSK-3.24 Trivy para imagem Docker e IaC com gate por severidade</li><li>PBI: [PBI-028] Hardening de código e infraestrutura com evidências</li></ul><p><b>Critérios de Pronto da tarefa</b></p><ol><li>Trabalho commitado em branch vinculada ao PBI e revisado por outro integrante.</li><li>Remaining Work zerado e estado Done no taskboard.</li><li>Evidência registrada no PBI quando a tarefa é de teste ou de documentação.</li></ol><p><i>Chave de rastreio TSK-3.25, gerada a partir de forward-docs/academic/qa/sprint3/backlog.json.</i></p>",""
"","Feature","","[FT-05.3] Observabilidade de segurança, incidentes e conformidade","","","1","5","65","","","ForwardService","fwd-import; MoSCoW:Must; ArchiMate:Grafana Dashboard; ArchiMate:audit_log viewer; ArchiMate:Alert: Disponibilidade <99%; REQ-02; REQ-05","<p><b>Objetivo</b><br>Plano de observabilidade, resposta a incidentes com fluxo LGPD e checklist de conformidade OWASP e LGPD.</p><p><b>Persona principal:</b> Encarregado de dados (DPO)</p><p><b>PBIs</b></p><ul><li>[PBI-029] Plano de observabilidade e resposta a incidentes (Sprint 3, 2 pts, Committed)</li><li>[PBI-030] Checklist de conformidade (OWASP ASVS, API e Mobile Top 10, LGPD) (Sprint 3, 3 pts, Approved)</li></ul><p><b>Rastreabilidade e planejamento</b></p><ul><li>Elementos ArchiMate: Grafana Dashboard; audit_log viewer; Alert: Disponibilidade &lt;99%</li><li>Requisitos de qualidade: REQ-02: Disponibilidade ≥ 99%; REQ-05: LGPD — dados pseudonimizados</li><li>Épico: [EP-05] Segurança, privacidade (LGPD) e compliance</li><li>Esforço total: 5 pontos. Prioridade: Must (Priority 1)</li></ul><p><b>Critérios de Pronto (DoD da Feature)</b></p><ol><li>Todos os PBIs filhos em Done ou movidos explicitamente pelo Product Owner.</li><li>Fluxo ponta a ponta da feature demonstrado em ambiente integrado.</li><li>Critérios de aceite da feature verificados na Sprint Review.</li><li>Documentação e diagramas afetados atualizados (README, wiki, views ArchiMate).</li></ol><p><i>Chave de rastreio FT-05.3, gerada a partir de forward-docs/academic/qa/sprint3/backlog.json.</i></p>","<p><b>Funcionalidade:</b> Incidente com resposta definida</p><p><b>Cenário 1: Incidente tratado pelo runbook</b> <i>(caminho feliz)</i><br>&nbsp;&nbsp;<b>Dado</b> um incidente de segurança ou de disponibilidade<br>&nbsp;&nbsp;<b>Quando</b> ele é detectado<br>&nbsp;&nbsp;<b>Então</b> existe runbook, responsável e evidência de conformidade associada</p><p><b>Cenário 2: Controle sem evidência</b> <i>(erro)</i><br>&nbsp;&nbsp;<b>Dado</b> um controle declarado sem evidência<br>&nbsp;&nbsp;<b>Quando</b> o checklist é auditado<br>&nbsp;&nbsp;<b>Então</b> o controle é reclassificado como pendente</p>"
"","Product Backlog Item","","","[PBI-029] Plano de observabilidade e resposta a incidentes","","1","2","60","","","ForwardService\Sprint 3","fwd-import; MoSCoW:Must; Frente:Cyber; ArchiMate:Grafana Dashboard; ArchiMate:Alert: API p95 > 300ms; ArchiMate:Alert: Disponibilidade <99%; ArchiMate:audit_log viewer; REQ-01; REQ-02; REQ-05","<p><b>História de usuário</b><br>Como <b>Gerente de Serviço</b>, quero <b>saber como o time detecta e responde a falhas e a incidentes com dados</b>, para <b>confiar na operação da plataforma</b>.</p><p><b>Contexto técnico</b><br>Logs JSON com X-Request-Id, métricas e alertas para p95 acima de 300 ms e disponibilidade abaixo de 99%; runbook de incidentes com comunicação à ANPD em até 72 horas quando aplicável.</p><p><b>Planejamento</b></p><ul><li>Sprint: Sprint 3 (03/08/2026 a 27/09/2026)</li><li>Prioridade: Must (MoSCoW) = Priority 1</li><li>Esforço: 2 pontos (Planning Poker, Fibonacci). Valor de negócio: 60</li><li>Responsável: Rodrigo César Jimenez</li><li>Ordem de implementação no backlog: 29º</li><li>Predecessoras: PBI-015 Baseline de segurança de dados: RLS, audit_log e retenção LGPD</li></ul><p><b>Rastreabilidade TOGAF/ArchiMate</b></p><ul><li>Elementos ArchiMate: Grafana Dashboard; Alert: API p95 &gt; 300ms; Alert: Disponibilidade &lt;99%; audit_log viewer</li><li>Requisitos de qualidade: REQ-01: Latência API p95 &lt; 300ms; REQ-02: Disponibilidade ≥ 99%; REQ-05: LGPD — dados pseudonimizados</li><li>Feature: [FT-05.3] Observabilidade de segurança, incidentes e conformidade. Épico: [EP-05] Segurança, privacidade (LGPD) e compliance</li></ul><p><b>Critérios de Pronto (DoD)</b></p><ol><li>Todos os cenários Gherkin do critério de aceite verificados e evidenciados (teste automatizado, relatório ou roteiro com prints).</li><li>Código ou artefato revisado em pull request aprovado por outro integrante (CODEOWNERS) e integrado à branch main.</li><li>Pipeline de CI verde: build, testes, lint e verificações de segurança (SAST, SCA e secret scan).</li><li>Testes automatizados para o caminho feliz e para os cenários de erro sempre que o item envolve código.</li><li>Nenhuma vulnerabilidade High/Critical aberta sem aceite formal, nenhum segredo commitado e dados pessoais tratados conforme a LGPD (REQ-05).</li><li>Requisitos de qualidade aplicáveis (REQ-01 a REQ-07) atendidos e medidos.</li><li>Documentação atualizada (README, OpenAPI, wiki ou model card) e rastreabilidade ArchiMate mantida nas tags.</li><li>Demonstrado ao Product Owner na Sprint Review e estado atualizado para Done no Azure Boards.</li><li>Runbook revisado por dois integrantes.</li></ol><p><i>Chave de rastreio PBI-029, gerada a partir de forward-docs/academic/qa/sprint3/backlog.json.</i></p>","<p><b>Funcionalidade:</b> Operação observável</p><p><b>Cenário 1: Alerta de latência</b> <i>(caminho feliz)</i><br>&nbsp;&nbsp;<b>Dado</b> o plano de observabilidade publicado<br>&nbsp;&nbsp;<b>Quando</b> a latência p95 passa de 300 ms por 5 minutos<br>&nbsp;&nbsp;<b>Então</b> o alerta definido aciona o responsável de plantão</p><p><b>Cenário 2: Suspeita de vazamento de dados pessoais</b> <i>(erro)</i><br>&nbsp;&nbsp;<b>Dado</b> a suspeita de vazamento de dados pessoais<br>&nbsp;&nbsp;<b>Quando</b> o runbook é acionado<br>&nbsp;&nbsp;<b>Então</b> há passos de contenção, avaliação e comunicação à ANPD em até 72 horas</p>"
"","Task","","","","[TSK-3.26] Plano de observabilidade: logs JSON, métricas e alertas de p95 e disponibilidade","1","","","1","Documentation","ForwardService\Sprint 3","fwd-import; Frente:Cyber","<p>Documentar sinais, limiares (REQ-01 e REQ-02), responsáveis e ferramentas.</p><ul><li>Atividade: Documentation</li><li>Estimativa: 4 h. Restante: 1 h. Complexidade: 2 pontos (Fibonacci)</li><li>Responsável: Rodrigo César Jimenez</li><li>Predecessoras técnicas: nenhuma</li><li>PBI: [PBI-029] Plano de observabilidade e resposta a incidentes</li></ul><p><b>Critérios de Pronto da tarefa</b></p><ol><li>Trabalho commitado em branch vinculada ao PBI e revisado por outro integrante.</li><li>Remaining Work zerado e estado Done no taskboard.</li><li>Evidência registrada no PBI quando a tarefa é de teste ou de documentação.</li></ol><p><i>Chave de rastreio TSK-3.26, gerada a partir de forward-docs/academic/qa/sprint3/backlog.json.</i></p>",""
"","Task","","","","[TSK-3.27] Runbook de resposta a incidentes com fluxo LGPD e ANPD","1","","","3","Documentation","ForwardService\Sprint 3","fwd-import; Frente:Cyber","<p>Descrever detecção, contenção, comunicação à ANPD em até 72 horas e pós-mortem.</p><ul><li>Atividade: Documentation</li><li>Estimativa: 3 h. Restante: 3 h. Complexidade: 2 pontos (Fibonacci)</li><li>Responsável: Rodrigo César Jimenez</li><li>Predecessoras técnicas: TSK-3.26 Plano de observabilidade: logs JSON, métricas e alertas de p95 e disponibilidade</li><li>PBI: [PBI-029] Plano de observabilidade e resposta a incidentes</li></ul><p><b>Critérios de Pronto da tarefa</b></p><ol><li>Trabalho commitado em branch vinculada ao PBI e revisado por outro integrante.</li><li>Remaining Work zerado e estado Done no taskboard.</li><li>Evidência registrada no PBI quando a tarefa é de teste ou de documentação.</li></ol><p><i>Chave de rastreio TSK-3.27, gerada a partir de forward-docs/academic/qa/sprint3/backlog.json.</i></p>",""
"","Product Backlog Item","","","[PBI-030] Checklist de conformidade (OWASP ASVS, API e Mobile Top 10, LGPD)","","1","3","65","","","ForwardService\Sprint 3","fwd-import; MoSCoW:Must; Frente:Cyber; ArchiMate:Auth/RBAC Service; ArchiMate:Audit Trail Service; REQ-05","<p><b>História de usuário</b><br>Como <b>Banca avaliadora FIAP x Ford</b>, quero <b>um checklist de conformidade com evidências por item</b>, para <b>verificar a aderência da solução a padrões de mercado</b>.</p><p><b>Contexto técnico</b><br>Itens do OWASP ASVS (nível 1), OWASP API Security Top 10, OWASP Mobile Top 10 e artigos da LGPD mapeados para controles e evidências.</p><p><b>Planejamento</b></p><ul><li>Sprint: Sprint 3 (03/08/2026 a 27/09/2026)</li><li>Prioridade: Must (MoSCoW) = Priority 1</li><li>Esforço: 3 pontos (Planning Poker, Fibonacci). Valor de negócio: 65</li><li>Responsável: Rodrigo César Jimenez</li><li>Ordem de implementação no backlog: 30º</li><li>Predecessoras: PBI-028 Hardening de código e infraestrutura com evidências; PBI-029 Plano de observabilidade e resposta a incidentes</li></ul><p><b>Rastreabilidade TOGAF/ArchiMate</b></p><ul><li>Elementos ArchiMate: Auth/RBAC Service; Audit Trail Service</li><li>Requisitos de qualidade: REQ-05: LGPD — dados pseudonimizados</li><li>Feature: [FT-05.3] Observabilidade de segurança, incidentes e conformidade. Épico: [EP-05] Segurança, privacidade (LGPD) e compliance</li></ul><p><b>Critérios de Pronto (DoD)</b></p><ol><li>Todos os cenários Gherkin do critério de aceite verificados e evidenciados (teste automatizado, relatório ou roteiro com prints).</li><li>Código ou artefato revisado em pull request aprovado por outro integrante (CODEOWNERS) e integrado à branch main.</li><li>Pipeline de CI verde: build, testes, lint e verificações de segurança (SAST, SCA e secret scan).</li><li>Testes automatizados para o caminho feliz e para os cenários de erro sempre que o item envolve código.</li><li>Nenhuma vulnerabilidade High/Critical aberta sem aceite formal, nenhum segredo commitado e dados pessoais tratados conforme a LGPD (REQ-05).</li><li>Requisitos de qualidade aplicáveis (REQ-01 a REQ-07) atendidos e medidos.</li><li>Documentação atualizada (README, OpenAPI, wiki ou model card) e rastreabilidade ArchiMate mantida nas tags.</li><li>Demonstrado ao Product Owner na Sprint Review e estado atualizado para Done no Azure Boards.</li><li>Checklist publicado em forward-docs/academic/cyber.</li></ol><p><i>Chave de rastreio PBI-030, gerada a partir de forward-docs/academic/qa/sprint3/backlog.json.</i></p>","<p><b>Funcionalidade:</b> Conformidade verificável</p><p><b>Cenário 1: Item atendido com evidência</b> <i>(caminho feliz)</i><br>&nbsp;&nbsp;<b>Dado</b> um item do checklist<br>&nbsp;&nbsp;<b>Quando</b> ele é marcado como atendido<br>&nbsp;&nbsp;<b>Então</b> há link para o código, a configuração ou o relatório que comprova</p><p><b>Cenário 2: Item sem evidência</b> <i>(erro)</i><br>&nbsp;&nbsp;<b>Dado</b> um item marcado como atendido sem evidência<br>&nbsp;&nbsp;<b>Quando</b> o Product Owner revisa o checklist<br>&nbsp;&nbsp;<b>Então</b> o item volta para parcialmente atendido</p>"
"","Task","","","","[TSK-3.28] Checklist OWASP ASVS, API Top 10, Mobile Top 10 e LGPD com evidência por item","1","","","5","Requirements","ForwardService\Sprint 3","fwd-import; Frente:Cyber","<p>Mapear cada item para controle e evidência (link de código, configuração ou relatório).</p><ul><li>Atividade: Requirements</li><li>Estimativa: 5 h. Restante: 5 h. Complexidade: 3 pontos (Fibonacci)</li><li>Responsável: Rodrigo César Jimenez</li><li>Predecessoras técnicas: TSK-3.25 Corrigir achados High/Critical e registrar evidências de antes e depois; TSK-3.27 Runbook de resposta a incidentes com fluxo LGPD e ANPD</li><li>PBI: [PBI-030] Checklist de conformidade (OWASP ASVS, API e Mobile Top 10, LGPD)</li></ul><p><b>Critérios de Pronto da tarefa</b></p><ol><li>Trabalho commitado em branch vinculada ao PBI e revisado por outro integrante.</li><li>Remaining Work zerado e estado Done no taskboard.</li><li>Evidência registrada no PBI quando a tarefa é de teste ou de documentação.</li></ol><p><i>Chave de rastreio TSK-3.28, gerada a partir de forward-docs/academic/qa/sprint3/backlog.json.</i></p>",""
"","Epic","[EP-07] Performance Console e observabilidade","","","","2","60","75","","","ForwardService","fwd-import; MoSCoW:Should; ArchiMate:forward-web; ArchiMate:Analytics Service; ArchiMate:Medir ROI; ArchiMate:IHC — Saúde do Dealer; ArchiMate:Grafana Dashboard; ArchiMate:Alert: API p95 > 300ms; ArchiMate:Alert: Disponibilidade <99%; ArchiMate:ROI mensurável; ArchiMate:Aumentar VIN Share; REQ-01; REQ-02","<p><b>Objetivo</b><br>Visão agregada para a Ford corporativa (IHC, Curva da Morte e ROI) e monitoramento dos requisitos de qualidade em produção.</p><p><b>Hipótese de valor</b><br>Se a Ford enxergar a frota e o ROI em um painel, então direciona o investimento às concessionárias e ações de maior retorno, medido por ROI rastreado por ação e disponibilidade de pelo menos 99%.</p><p><b>Métricas de sucesso</b></p><ul><li>REQ-01 e REQ-02 monitorados continuamente.</li><li>ROI por canal disponível no painel.</li><li>Ranking de IHC atualizado diariamente.</li></ul><p><b>Features</b></p><ul><li>[FT-07.3] Desempenho e monitoramento em produção (13 pts, New)</li><li>[FT-07.1] Performance Console: painel web e Analytics (26 pts, New)</li><li>[FT-07.2] Closed-Loop ROI (21 pts, New)</li></ul><p><b>Rastreabilidade e planejamento</b></p><ul><li>Pilar: Performance Console</li><li>Elementos ArchiMate: forward-web; Analytics Service; Medir ROI; IHC — Saúde do Dealer; Grafana Dashboard; Alert: API p95 &gt; 300ms; Alert: Disponibilidade &lt;99%; ROI mensurável; Aumentar VIN Share</li><li>Requisitos de qualidade: REQ-01: Latência API p95 &lt; 300ms; REQ-02: Disponibilidade ≥ 99%</li><li>Esforço total: 60 pontos. Prioridade: Should (Priority 2)</li></ul><p><b>Critérios de Pronto (DoD do Épico)</b></p><ol><li>Features necessárias em Done; as remanescentes repriorizadas pelo Product Owner.</li><li>Métricas de sucesso do épico medidas e registradas na wiki.</li><li>Views ArchiMate atualizadas quando a arquitetura mudou.</li><li>Resultado apresentado aos stakeholders (banca FIAP x Ford) e lições registradas na retrospectiva.</li></ol><p><i>Chave de rastreio EP-07, gerada a partir de forward-docs/academic/qa/sprint3/backlog.json.</i></p>","<p><b>Critérios de aceite do épico</b></p><ul><li>Painel web publicado com dados agregados.</li><li>Alertas de SLA ativos.</li><li>ROI por ação calculado com regra de atribuição documentada.</li></ul>"
"","Feature","","[FT-07.3] Desempenho e monitoramento em produção","","","2","13","70","","","ForwardService","fwd-import; MoSCoW:Should; ArchiMate:Grafana Dashboard; ArchiMate:Alert: API p95 > 300ms; ArchiMate:Alert: Disponibilidade <99%; REQ-01; REQ-02","<p><b>Objetivo</b><br>Evidenciar e monitorar os requisitos de desempenho e disponibilidade (REQ-01 e REQ-02).</p><p><b>Persona principal:</b> Gerente de Serviço</p><p><b>PBIs</b></p><ul><li>[PBI-039] Teste de desempenho da API (p95 &lt; 300 ms) (Sprint 4, 5 pts, Approved)</li><li>[PBI-049] Monitoramento com Grafana e alertas de SLA (Sprint 5, 8 pts, New)</li></ul><p><b>Rastreabilidade e planejamento</b></p><ul><li>Elementos ArchiMate: Grafana Dashboard; Alert: API p95 &gt; 300ms; Alert: Disponibilidade &lt;99%</li><li>Requisitos de qualidade: REQ-01: Latência API p95 &lt; 300ms; REQ-02: Disponibilidade ≥ 99%</li><li>Épico: [EP-07] Performance Console e observabilidade</li><li>Esforço total: 13 pontos. Prioridade: Should (Priority 2)</li></ul><p><b>Critérios de Pronto (DoD da Feature)</b></p><ol><li>Todos os PBIs filhos em Done ou movidos explicitamente pelo Product Owner.</li><li>Fluxo ponta a ponta da feature demonstrado em ambiente integrado.</li><li>Critérios de aceite da feature verificados na Sprint Review.</li><li>Documentação e diagramas afetados atualizados (README, wiki, views ArchiMate).</li></ol><p><i>Chave de rastreio FT-07.3, gerada a partir de forward-docs/academic/qa/sprint3/backlog.json.</i></p>","<p><b>Funcionalidade:</b> SLA monitorado</p><p><b>Cenário 1: Alerta de SLA</b> <i>(caminho feliz)</i><br>&nbsp;&nbsp;<b>Dado</b> a plataforma em operação<br>&nbsp;&nbsp;<b>Quando</b> o p95 ou a disponibilidade saem da meta<br>&nbsp;&nbsp;<b>Então</b> o time é alertado com dados para diagnóstico</p><p><b>Cenário 2: Métrica ausente</b> <i>(erro)</i><br>&nbsp;&nbsp;<b>Dado</b> um serviço sem métricas publicadas<br>&nbsp;&nbsp;<b>Quando</b> o dashboard é revisado<br>&nbsp;&nbsp;<b>Então</b> o serviço aparece como não monitorado</p>"
"","Product Backlog Item","","","[PBI-039] Teste de desempenho da API (p95 < 300 ms)","","2","5","70","","","ForwardService\Sprint 4","fwd-import; MoSCoW:Should; Frente:QA; ArchiMate:forward-api-java; ArchiMate:Alert: API p95 > 300ms; REQ-01","<p><b>História de usuário</b><br>Como <b>Diretor Regional da Ford</b>, quero <b>evidência de que a API responde rápido sob carga</b>, para <b>confiar no uso diário pelas concessionárias (REQ-01)</b>.</p><p><b>Contexto técnico</b><br>Teste de carga (k6 ou JMeter) nos endpoints de login e leads com 50 usuários virtuais; relatório de p95, taxa de erro e vazão.</p><p><b>Planejamento</b></p><ul><li>Sprint: Sprint 4 (28/09/2026 a 11/10/2026)</li><li>Prioridade: Should (MoSCoW) = Priority 2</li><li>Esforço: 5 pontos (Planning Poker, Fibonacci). Valor de negócio: 70</li><li>Responsável: Rodrigo César Jimenez</li><li>Ordem de implementação no backlog: 39º</li><li>Predecessoras: PBI-022 Testes automatizados da API com relatório de evidências; PBI-033 Deploy de demonstração com Docker Compose e smoke test pós-deploy</li></ul><p><b>Rastreabilidade TOGAF/ArchiMate</b></p><ul><li>Elementos ArchiMate: forward-api-java; Alert: API p95 &gt; 300ms</li><li>Requisitos de qualidade: REQ-01: Latência API p95 &lt; 300ms</li><li>Feature: [FT-07.3] Desempenho e monitoramento em produção. Épico: [EP-07] Performance Console e observabilidade</li></ul><p><b>Critérios de Pronto (DoD)</b></p><ol><li>Todos os cenários Gherkin do critério de aceite verificados e evidenciados (teste automatizado, relatório ou roteiro com prints).</li><li>Código ou artefato revisado em pull request aprovado por outro integrante (CODEOWNERS) e integrado à branch main.</li><li>Pipeline de CI verde: build, testes, lint e verificações de segurança (SAST, SCA e secret scan).</li><li>Testes automatizados para o caminho feliz e para os cenários de erro sempre que o item envolve código.</li><li>Nenhuma vulnerabilidade High/Critical aberta sem aceite formal, nenhum segredo commitado e dados pessoais tratados conforme a LGPD (REQ-05).</li><li>Requisitos de qualidade aplicáveis (REQ-01 a REQ-07) atendidos e medidos.</li><li>Documentação atualizada (README, OpenAPI, wiki ou model card) e rastreabilidade ArchiMate mantida nas tags.</li><li>Demonstrado ao Product Owner na Sprint Review e estado atualizado para Done no Azure Boards.</li><li>Relatório com gráficos anexado à wiki.</li></ol><p><i>Chave de rastreio PBI-039, gerada a partir de forward-docs/academic/qa/sprint3/backlog.json.</i></p>","<p><b>Funcionalidade:</b> Desempenho da API</p><p><b>Cenário 1: Meta de latência atendida</b> <i>(caminho feliz)</i><br>&nbsp;&nbsp;<b>Dado</b> o ambiente de demonstração com os dados de seed<br>&nbsp;&nbsp;<b>Quando</b> o teste roda com 50 usuários virtuais por 5 minutos<br>&nbsp;&nbsp;<b>Então</b> o p95 de GET /api/v1/leads fica abaixo de 300 ms<br>&nbsp;&nbsp;<b>E</b> a taxa de erro fica abaixo de 1%</p><p><b>Cenário 2: Meta violada</b> <i>(erro)</i><br>&nbsp;&nbsp;<b>Dado</b> um p95 acima de 300 ms<br>&nbsp;&nbsp;<b>Quando</b> o relatório é analisado<br>&nbsp;&nbsp;<b>Então</b> o gargalo vira item de backlog com prioridade Must</p>"
"","Product Backlog Item","","","[PBI-049] Monitoramento com Grafana e alertas de SLA","","2","8","70","","","ForwardService\Sprint 5","fwd-import; MoSCoW:Should; Frente:Infra; ArchiMate:Grafana Dashboard; ArchiMate:Alert: API p95 > 300ms; ArchiMate:Alert: Disponibilidade <99%; ArchiMate:audit_log viewer; REQ-01; REQ-02","<p><b>História de usuário</b><br>Como <b>Gerente de Serviço</b>, quero <b>dashboards e alertas de latência e disponibilidade</b>, para <b>agir antes que a concessionária perceba a falha (REQ-01 e REQ-02)</b>.</p><p><b>Contexto técnico</b><br>Métricas da API (Actuator e Micrometer) e do n8n no Grafana; alertas de p95 acima de 300 ms e disponibilidade abaixo de 99%; audit_log viewer para investigações.</p><p><b>Planejamento</b></p><ul><li>Sprint: Sprint 5 (12/10/2026 a 08/11/2026)</li><li>Prioridade: Should (MoSCoW) = Priority 2</li><li>Esforço: 8 pontos (Planning Poker, Fibonacci). Valor de negócio: 70</li><li>Responsável: Lucca Saraiva Borges</li><li>Ordem de implementação no backlog: 49º</li><li>Predecessoras: PBI-042 Hospedagem na Azure VM com Docker e VNet; PBI-039 Teste de desempenho da API (p95 &lt; 300 ms)</li></ul><p><b>Rastreabilidade TOGAF/ArchiMate</b></p><ul><li>Elementos ArchiMate: Grafana Dashboard; Alert: API p95 &gt; 300ms; Alert: Disponibilidade &lt;99%; audit_log viewer</li><li>Requisitos de qualidade: REQ-01: Latência API p95 &lt; 300ms; REQ-02: Disponibilidade ≥ 99%</li><li>Feature: [FT-07.3] Desempenho e monitoramento em produção. Épico: [EP-07] Performance Console e observabilidade</li></ul><p><b>Critérios de Pronto (DoD)</b></p><ol><li>Todos os cenários Gherkin do critério de aceite verificados e evidenciados (teste automatizado, relatório ou roteiro com prints).</li><li>Código ou artefato revisado em pull request aprovado por outro integrante (CODEOWNERS) e integrado à branch main.</li><li>Pipeline de CI verde: build, testes, lint e verificações de segurança (SAST, SCA e secret scan).</li><li>Testes automatizados para o caminho feliz e para os cenários de erro sempre que o item envolve código.</li><li>Nenhuma vulnerabilidade High/Critical aberta sem aceite formal, nenhum segredo commitado e dados pessoais tratados conforme a LGPD (REQ-05).</li><li>Requisitos de qualidade aplicáveis (REQ-01 a REQ-07) atendidos e medidos.</li><li>Documentação atualizada (README, OpenAPI, wiki ou model card) e rastreabilidade ArchiMate mantida nas tags.</li><li>Demonstrado ao Product Owner na Sprint Review e estado atualizado para Done no Azure Boards.</li><li>Dashboards exportados como JSON versionado.</li></ol><p><i>Chave de rastreio PBI-049, gerada a partir de forward-docs/academic/qa/sprint3/backlog.json.</i></p>","<p><b>Funcionalidade:</b> Monitoramento em produção</p><p><b>Cenário 1: Alerta de indisponibilidade</b> <i>(caminho feliz)</i><br>&nbsp;&nbsp;<b>Dado</b> a API fora do ar por 5 minutos<br>&nbsp;&nbsp;<b>Quando</b> o monitor de disponibilidade detecta a falha<br>&nbsp;&nbsp;<b>Então</b> um alerta é enviado ao canal do time com o link do dashboard</p><p><b>Cenário 2: Janela de manutenção</b> <i>(caso de borda)</i><br>&nbsp;&nbsp;<b>Dado</b> uma manutenção planejada<br>&nbsp;&nbsp;<b>Quando</b> ela é registrada<br>&nbsp;&nbsp;<b>Então</b> os alertas ficam silenciados apenas durante a janela</p>"
"","Feature","","[FT-07.1] Performance Console: painel web e Analytics","","","2","26","70","","","ForwardService","fwd-import; MoSCoW:Should; ArchiMate:forward-web; ArchiMate:Analytics Service; ArchiMate:IHC — Saúde do Dealer; ArchiMate:Diretor Regional; REQ-01; REQ-02","<p><b>Objetivo</b><br>Indicadores agregados (segmentos, Curva da Morte e IHC) e painel web para a Ford corporativa.</p><p><b>Persona principal:</b> Diretor Regional da Ford</p><p><b>PBIs</b></p><ul><li>[PBI-047] Serviço de Analytics: segmentos, Curva da Morte e IHC (Sprint 5, 5 pts, New)</li><li>[PBI-048] Painel web Visão da Frota (Sprint 5, 8 pts, New)</li><li>[PBI-058] Rede Invertida: mapa de desertos de serviço (backlog futuro, 13 pts, New)</li></ul><p><b>Rastreabilidade e planejamento</b></p><ul><li>Elementos ArchiMate: forward-web; Analytics Service; IHC — Saúde do Dealer; Diretor Regional</li><li>Requisitos de qualidade: REQ-01: Latência API p95 &lt; 300ms; REQ-02: Disponibilidade ≥ 99%</li><li>Épico: [EP-07] Performance Console e observabilidade</li><li>Esforço total: 26 pontos. Prioridade: Should (Priority 2)</li></ul><p><b>Critérios de Pronto (DoD da Feature)</b></p><ol><li>Todos os PBIs filhos em Done ou movidos explicitamente pelo Product Owner.</li><li>Fluxo ponta a ponta da feature demonstrado em ambiente integrado.</li><li>Critérios de aceite da feature verificados na Sprint Review.</li><li>Documentação e diagramas afetados atualizados (README, wiki, views ArchiMate).</li></ol><p><i>Chave de rastreio FT-07.1, gerada a partir de forward-docs/academic/qa/sprint3/backlog.json.</i></p>","<p><b>Funcionalidade:</b> Frota em um painel</p><p><b>Cenário 1: Visão agregada da frota</b> <i>(caminho feliz)</i><br>&nbsp;&nbsp;<b>Dado</b> o Diretor Regional autenticado<br>&nbsp;&nbsp;<b>Quando</b> abre o painel<br>&nbsp;&nbsp;<b>Então</b> vê os indicadores agregados da frota sem acesso a dados individuais de clientes</p><p><b>Cenário 2: Dados desatualizados</b> <i>(caso de borda)</i><br>&nbsp;&nbsp;<b>Dado</b> que a última carga tem mais de 24 horas<br>&nbsp;&nbsp;<b>Quando</b> o painel é aberto<br>&nbsp;&nbsp;<b>Então</b> exibe a data da última atualização em destaque</p>"
"","Product Backlog Item","","","[PBI-047] Serviço de Analytics: segmentos, Curva da Morte e IHC","","2","5","70","","","ForwardService\Sprint 5","fwd-import; MoSCoW:Should; Frente:ML; ArchiMate:Analytics Service; ArchiMate:IHC — Saúde do Dealer; ArchiMate:forward-api-java; REQ-01","<p><b>História de usuário</b><br>Como <b>Diretor Regional da Ford</b>, quero <b>indicadores agregados por segmento, região e concessionária</b>, para <b>enxergar onde a Ford perde clientes</b>.</p><p><b>Contexto técnico</b><br>Endpoints de agregados com a distribuição de segmentos, a Curva da Morte por número de revisão e o IHC por concessionária; somente leitura.</p><p><b>Planejamento</b></p><ul><li>Sprint: Sprint 5 (12/10/2026 a 08/11/2026)</li><li>Prioridade: Should (MoSCoW) = Priority 2</li><li>Esforço: 5 pontos (Planning Poker, Fibonacci). Valor de negócio: 70</li><li>Responsável: Lucca Saraiva Borges</li><li>Ordem de implementação no backlog: 47º</li><li>Predecessoras: PBI-031 Comparação de modelos de churn da Sprint 3</li></ul><p><b>Rastreabilidade TOGAF/ArchiMate</b></p><ul><li>Elementos ArchiMate: Analytics Service; IHC — Saúde do Dealer; forward-api-java</li><li>Requisitos de qualidade: REQ-01: Latência API p95 &lt; 300ms</li><li>Feature: [FT-07.1] Performance Console: painel web e Analytics. Épico: [EP-07] Performance Console e observabilidade</li></ul><p><b>Critérios de Pronto (DoD)</b></p><ol><li>Todos os cenários Gherkin do critério de aceite verificados e evidenciados (teste automatizado, relatório ou roteiro com prints).</li><li>Código ou artefato revisado em pull request aprovado por outro integrante (CODEOWNERS) e integrado à branch main.</li><li>Pipeline de CI verde: build, testes, lint e verificações de segurança (SAST, SCA e secret scan).</li><li>Testes automatizados para o caminho feliz e para os cenários de erro sempre que o item envolve código.</li><li>Nenhuma vulnerabilidade High/Critical aberta sem aceite formal, nenhum segredo commitado e dados pessoais tratados conforme a LGPD (REQ-05).</li><li>Requisitos de qualidade aplicáveis (REQ-01 a REQ-07) atendidos e medidos.</li><li>Documentação atualizada (README, OpenAPI, wiki ou model card) e rastreabilidade ArchiMate mantida nas tags.</li><li>Demonstrado ao Product Owner na Sprint Review e estado atualizado para Done no Azure Boards.</li><li>Agregados sem dados pessoais.</li></ol><p><i>Chave de rastreio PBI-047, gerada a partir de forward-docs/academic/qa/sprint3/backlog.json.</i></p>","<p><b>Funcionalidade:</b> Indicadores agregados</p><p><b>Cenário 1: Curva da Morte</b> <i>(caminho feliz)</i><br>&nbsp;&nbsp;<b>Dado</b> os eventos de serviço carregados<br>&nbsp;&nbsp;<b>Quando</b> o painel solicita a Curva da Morte<br>&nbsp;&nbsp;<b>Então</b> a API retorna o percentual de retorno por número de revisão</p><p><b>Cenário 2: Papel sem acesso a dados nacionais</b> <i>(erro)</i><br>&nbsp;&nbsp;<b>Dado</b> um usuário ATENDENTE<br>&nbsp;&nbsp;<b>Quando</b> ele chama um endpoint de analytics nacional<br>&nbsp;&nbsp;<b>Então</b> recebe 403</p>"
"","Product Backlog Item","","","[PBI-048] Painel web Visão da Frota","","2","8","75","","","ForwardService\Sprint 5","fwd-import; MoSCoW:Should; Frente:Web; ArchiMate:forward-web; ArchiMate:forward-web (static); ArchiMate:Vercel / Netlify; ArchiMate:Diretor Regional; REQ-01; REQ-02","<p><b>História de usuário</b><br>Como <b>Diretor Regional da Ford</b>, quero <b>um painel web com a visão da frota e o ranking de concessionárias</b>, para <b>decidir onde investir em retenção</b>.</p><p><b>Contexto técnico</b><br>forward-web (SvelteKit) somente leitura consumindo o Serviço de Analytics; filtros por região e período; publicado em Vercel ou Netlify.</p><p><b>Planejamento</b></p><ul><li>Sprint: Sprint 5 (12/10/2026 a 08/11/2026)</li><li>Prioridade: Should (MoSCoW) = Priority 2</li><li>Esforço: 8 pontos (Planning Poker, Fibonacci). Valor de negócio: 75</li><li>Responsável: Rodrigo César Jimenez</li><li>Ordem de implementação no backlog: 48º</li><li>Predecessoras: PBI-047 Serviço de Analytics: segmentos, Curva da Morte e IHC</li></ul><p><b>Rastreabilidade TOGAF/ArchiMate</b></p><ul><li>Elementos ArchiMate: forward-web; forward-web (static); Vercel / Netlify; Diretor Regional</li><li>Requisitos de qualidade: REQ-01: Latência API p95 &lt; 300ms; REQ-02: Disponibilidade ≥ 99%</li><li>Feature: [FT-07.1] Performance Console: painel web e Analytics. Épico: [EP-07] Performance Console e observabilidade</li></ul><p><b>Critérios de Pronto (DoD)</b></p><ol><li>Todos os cenários Gherkin do critério de aceite verificados e evidenciados (teste automatizado, relatório ou roteiro com prints).</li><li>Código ou artefato revisado em pull request aprovado por outro integrante (CODEOWNERS) e integrado à branch main.</li><li>Pipeline de CI verde: build, testes, lint e verificações de segurança (SAST, SCA e secret scan).</li><li>Testes automatizados para o caminho feliz e para os cenários de erro sempre que o item envolve código.</li><li>Nenhuma vulnerabilidade High/Critical aberta sem aceite formal, nenhum segredo commitado e dados pessoais tratados conforme a LGPD (REQ-05).</li><li>Requisitos de qualidade aplicáveis (REQ-01 a REQ-07) atendidos e medidos.</li><li>Documentação atualizada (README, OpenAPI, wiki ou model card) e rastreabilidade ArchiMate mantida nas tags.</li><li>Demonstrado ao Product Owner na Sprint Review e estado atualizado para Done no Azure Boards.</li><li>Lighthouse com acessibilidade maior ou igual a 90.</li></ol><p><i>Chave de rastreio PBI-048, gerada a partir de forward-docs/academic/qa/sprint3/backlog.json.</i></p>","<p><b>Funcionalidade:</b> Performance Console</p><p><b>Cenário 1: Filtro por região</b> <i>(caminho feliz)</i><br>&nbsp;&nbsp;<b>Dado</b> o painel carregado<br>&nbsp;&nbsp;<b>Quando</b> o diretor filtra pela UF SP<br>&nbsp;&nbsp;<b>Então</b> os indicadores e o ranking de IHC mostram apenas concessionárias de SP</p><p><b>Cenário 2: Analytics indisponível</b> <i>(erro)</i><br>&nbsp;&nbsp;<b>Dado</b> o Serviço de Analytics fora do ar<br>&nbsp;&nbsp;<b>Quando</b> o painel carrega<br>&nbsp;&nbsp;<b>Então</b> exibe uma mensagem de indisponibilidade sem quebrar o layout</p>"
"","Product Backlog Item","","","[PBI-058] Rede Invertida: mapa de desertos de serviço","","4","13","40","","","ForwardService","fwd-import; MoSCoW:Won't; Frente:Produto; ArchiMate:forward-web; ArchiMate:Aumentar VIN Share","<p><b>História de usuário</b><br>Como <b>Diretor Regional da Ford</b>, quero <b>ver regiões com clientes Ford sem concessionária próxima</b>, para <b>avaliar serviços móveis ou oficinas parceiras (LN3)</b>.</p><p><b>Contexto técnico</b><br>Depende de geolocalização de concessionárias e clientes; fora deste horizonte por falta de dados de endereço.</p><p><b>Planejamento</b></p><ul><li>Sprint: Backlog futuro (sem sprint)</li><li>Prioridade: Won't (MoSCoW) = Priority 4</li><li>Esforço: 13 pontos (Planning Poker, Fibonacci). Valor de negócio: 40</li><li>Responsável: Rodrigo César Jimenez</li><li>Ordem de implementação no backlog: 58º</li><li>Predecessoras: PBI-048 Painel web Visão da Frota</li></ul><p><b>Rastreabilidade TOGAF/ArchiMate</b></p><ul><li>Elementos ArchiMate: forward-web; Aumentar VIN Share</li><li>Requisitos de qualidade: nenhum específico</li><li>Feature: [FT-07.1] Performance Console: painel web e Analytics. Épico: [EP-07] Performance Console e observabilidade</li></ul><p><b>Critérios de Pronto (DoD)</b></p><ol><li>Todos os cenários Gherkin do critério de aceite verificados e evidenciados (teste automatizado, relatório ou roteiro com prints).</li><li>Código ou artefato revisado em pull request aprovado por outro integrante (CODEOWNERS) e integrado à branch main.</li><li>Pipeline de CI verde: build, testes, lint e verificações de segurança (SAST, SCA e secret scan).</li><li>Testes automatizados para o caminho feliz e para os cenários de erro sempre que o item envolve código.</li><li>Nenhuma vulnerabilidade High/Critical aberta sem aceite formal, nenhum segredo commitado e dados pessoais tratados conforme a LGPD (REQ-05).</li><li>Requisitos de qualidade aplicáveis (REQ-01 a REQ-07) atendidos e medidos.</li><li>Documentação atualizada (README, OpenAPI, wiki ou model card) e rastreabilidade ArchiMate mantida nas tags.</li><li>Demonstrado ao Product Owner na Sprint Review e estado atualizado para Done no Azure Boards.</li><li>Reavaliar a prioridade quando houver dados geográficos.</li></ol><p><i>Chave de rastreio PBI-058, gerada a partir de forward-docs/academic/qa/sprint3/backlog.json.</i></p>","<p><b>Funcionalidade:</b> Mapa de desertos de serviço</p><p><b>Cenário 1: Deserto identificado</b> <i>(caminho feliz)</i><br>&nbsp;&nbsp;<b>Dado</b> a distribuição de clientes por município<br>&nbsp;&nbsp;<b>Quando</b> não há concessionária em um raio de 50 km<br>&nbsp;&nbsp;<b>Então</b> o município aparece como deserto no mapa</p><p><b>Cenário 2: Amostra insuficiente</b> <i>(caso de borda)</i><br>&nbsp;&nbsp;<b>Dado</b> um município com menos de 30 clientes<br>&nbsp;&nbsp;<b>Quando</b> o mapa é gerado<br>&nbsp;&nbsp;<b>Então</b> ele aparece marcado como amostra insuficiente</p>"
"","Feature","","[FT-07.2] Closed-Loop ROI","","","2","21","80","","","ForwardService","fwd-import; MoSCoW:Should; ArchiMate:Medir ROI; ArchiMate:ROI mensurável; REQ-01","<p><b>Objetivo</b><br>Medir o retorno financeiro de cada ação (LN7) e evoluir para a ponte serviço-venda.</p><p><b>Persona principal:</b> Diretor Regional da Ford</p><p><b>PBIs</b></p><ul><li>[PBI-054] Closed-Loop ROI: da ação à receita (Sprint 6, 8 pts, New)</li><li>[PBI-059] Ponte Serviço-Venda (backlog futuro, 13 pts, New)</li></ul><p><b>Rastreabilidade e planejamento</b></p><ul><li>Elementos ArchiMate: Medir ROI; ROI mensurável</li><li>Requisitos de qualidade: REQ-01: Latência API p95 &lt; 300ms</li><li>Épico: [EP-07] Performance Console e observabilidade</li><li>Esforço total: 21 pontos. Prioridade: Should (Priority 2)</li></ul><p><b>Critérios de Pronto (DoD da Feature)</b></p><ol><li>Todos os PBIs filhos em Done ou movidos explicitamente pelo Product Owner.</li><li>Fluxo ponta a ponta da feature demonstrado em ambiente integrado.</li><li>Critérios de aceite da feature verificados na Sprint Review.</li><li>Documentação e diagramas afetados atualizados (README, wiki, views ArchiMate).</li></ol><p><i>Chave de rastreio FT-07.2, gerada a partir de forward-docs/academic/qa/sprint3/backlog.json.</i></p>","<p><b>Funcionalidade:</b> Cada real rastreado</p><p><b>Cenário 1: Receita atribuída à ação</b> <i>(caminho feliz)</i><br>&nbsp;&nbsp;<b>Dado</b> uma ação executada<br>&nbsp;&nbsp;<b>Quando</b> o cliente realiza o serviço<br>&nbsp;&nbsp;<b>Então</b> a receita é atribuída à ação e aparece no ROI</p><p><b>Cenário 2: Serviço sem vínculo</b> <i>(caso de borda)</i><br>&nbsp;&nbsp;<b>Dado</b> um serviço sem ação prévia<br>&nbsp;&nbsp;<b>Quando</b> o ROI é consolidado<br>&nbsp;&nbsp;<b>Então</b> ele conta como receita orgânica</p>"
"","Product Backlog Item","","","[PBI-054] Closed-Loop ROI: da ação à receita","","2","8","85","","","ForwardService\Sprint 6","fwd-import; MoSCoW:Should; Frente:Produto; ArchiMate:Medir ROI; ArchiMate:ROI mensurável; ArchiMate:Analytics Service; REQ-01","<p><b>História de usuário</b><br>Como <b>Diretor Regional da Ford</b>, quero <b>ver quanto cada ação gerou de receita</b>, para <b>justificar o investimento em retenção</b>.</p><p><b>Contexto técnico</b><br>Liga executed_actions, agendamento, ordem de serviço e valor; ROI por canal, segmento e concessionária no painel.</p><p><b>Planejamento</b></p><ul><li>Sprint: Sprint 6 (09/11/2026 a 06/12/2026)</li><li>Prioridade: Should (MoSCoW) = Priority 2</li><li>Esforço: 8 pontos (Planning Poker, Fibonacci). Valor de negócio: 85</li><li>Responsável: Rodrigo César Jimenez</li><li>Ordem de implementação no backlog: 54º</li><li>Predecessoras: PBI-053 Agendamento digital da revisão; PBI-047 Serviço de Analytics: segmentos, Curva da Morte e IHC</li></ul><p><b>Rastreabilidade TOGAF/ArchiMate</b></p><ul><li>Elementos ArchiMate: Medir ROI; ROI mensurável; Analytics Service</li><li>Requisitos de qualidade: REQ-01: Latência API p95 &lt; 300ms</li><li>Feature: [FT-07.2] Closed-Loop ROI. Épico: [EP-07] Performance Console e observabilidade</li></ul><p><b>Critérios de Pronto (DoD)</b></p><ol><li>Todos os cenários Gherkin do critério de aceite verificados e evidenciados (teste automatizado, relatório ou roteiro com prints).</li><li>Código ou artefato revisado em pull request aprovado por outro integrante (CODEOWNERS) e integrado à branch main.</li><li>Pipeline de CI verde: build, testes, lint e verificações de segurança (SAST, SCA e secret scan).</li><li>Testes automatizados para o caminho feliz e para os cenários de erro sempre que o item envolve código.</li><li>Nenhuma vulnerabilidade High/Critical aberta sem aceite formal, nenhum segredo commitado e dados pessoais tratados conforme a LGPD (REQ-05).</li><li>Requisitos de qualidade aplicáveis (REQ-01 a REQ-07) atendidos e medidos.</li><li>Documentação atualizada (README, OpenAPI, wiki ou model card) e rastreabilidade ArchiMate mantida nas tags.</li><li>Demonstrado ao Product Owner na Sprint Review e estado atualizado para Done no Azure Boards.</li><li>Regra de atribuição documentada.</li></ol><p><i>Chave de rastreio PBI-054, gerada a partir de forward-docs/academic/qa/sprint3/backlog.json.</i></p>","<p><b>Funcionalidade:</b> Medição de ROI</p><p><b>Cenário 1: ROI por canal</b> <i>(caminho feliz)</i><br>&nbsp;&nbsp;<b>Dado</b> ações executadas com agendamentos concluídos<br>&nbsp;&nbsp;<b>Quando</b> o diretor abre o ROI por canal<br>&nbsp;&nbsp;<b>Então</b> vê o custo, a receita atribuída e o ROI do período</p><p><b>Cenário 2: Receita sem ação prévia</b> <i>(caso de borda)</i><br>&nbsp;&nbsp;<b>Dado</b> uma revisão sem ação prévia<br>&nbsp;&nbsp;<b>Quando</b> o ROI é calculado<br>&nbsp;&nbsp;<b>Então</b> ela entra como base orgânica e não é atribuída a campanhas</p>"
"","Product Backlog Item","","","[PBI-059] Ponte Serviço-Venda","","4","13","35","","","ForwardService","fwd-import; MoSCoW:Won't; Frente:Produto; ArchiMate:Medir ROI; ArchiMate:ROI mensurável","<p><b>História de usuário</b><br>Como <b>Gerente de Serviço</b>, quero <b>identificar clientes fiéis com potencial de recompra</b>, para <b>gerar leads qualificados para vendas (LN9)</b>.</p><p><b>Contexto técnico</b><br>Depende de dados do sistema de vendas; mantido no backlog como visão.</p><p><b>Planejamento</b></p><ul><li>Sprint: Backlog futuro (sem sprint)</li><li>Prioridade: Won't (MoSCoW) = Priority 4</li><li>Esforço: 13 pontos (Planning Poker, Fibonacci). Valor de negócio: 35</li><li>Responsável: Rodrigo César Jimenez</li><li>Ordem de implementação no backlog: 59º</li><li>Predecessoras: PBI-054 Closed-Loop ROI: da ação à receita</li></ul><p><b>Rastreabilidade TOGAF/ArchiMate</b></p><ul><li>Elementos ArchiMate: Medir ROI; ROI mensurável</li><li>Requisitos de qualidade: nenhum específico</li><li>Feature: [FT-07.2] Closed-Loop ROI. Épico: [EP-07] Performance Console e observabilidade</li></ul><p><b>Critérios de Pronto (DoD)</b></p><ol><li>Todos os cenários Gherkin do critério de aceite verificados e evidenciados (teste automatizado, relatório ou roteiro com prints).</li><li>Código ou artefato revisado em pull request aprovado por outro integrante (CODEOWNERS) e integrado à branch main.</li><li>Pipeline de CI verde: build, testes, lint e verificações de segurança (SAST, SCA e secret scan).</li><li>Testes automatizados para o caminho feliz e para os cenários de erro sempre que o item envolve código.</li><li>Nenhuma vulnerabilidade High/Critical aberta sem aceite formal, nenhum segredo commitado e dados pessoais tratados conforme a LGPD (REQ-05).</li><li>Requisitos de qualidade aplicáveis (REQ-01 a REQ-07) atendidos e medidos.</li><li>Documentação atualizada (README, OpenAPI, wiki ou model card) e rastreabilidade ArchiMate mantida nas tags.</li><li>Demonstrado ao Product Owner na Sprint Review e estado atualizado para Done no Azure Boards.</li><li>Reavaliar quando houver integração com vendas.</li></ol><p><i>Chave de rastreio PBI-059, gerada a partir de forward-docs/academic/qa/sprint3/backlog.json.</i></p>","<p><b>Funcionalidade:</b> Leads de recompra</p><p><b>Cenário 1: Lead de recompra</b> <i>(caminho feliz)</i><br>&nbsp;&nbsp;<b>Dado</b> um cliente Fiel com veículo de mais de 5 anos<br>&nbsp;&nbsp;<b>Quando</b> o modelo de propensão indica recompra<br>&nbsp;&nbsp;<b>Então</b> um lead é enviado ao time de vendas</p><p><b>Cenário 2: Sem consentimento de marketing</b> <i>(erro)</i><br>&nbsp;&nbsp;<b>Dado</b> um cliente sem consentimento para ofertas<br>&nbsp;&nbsp;<b>Quando</b> o lead seria gerado<br>&nbsp;&nbsp;<b>Então</b> nenhum contato comercial é criado</p>"
"","Epic","[EP-06] Action Engine: n8n e WhatsApp","","","","1","55","80","","","ForwardService","fwd-import; MoSCoW:Must; ArchiMate:n8n (Action Engine); ArchiMate:n8n (Docker); ArchiMate:WhatsApp Business API; ArchiMate:WhatsApp Business API (Meta); ArchiMate:Notification Service; ArchiMate:Serviço de Notificação; ArchiMate:Disparar Ação; ArchiMate:Recall como Porta; ArchiMate:Agendamento Digital; ArchiMate:Proatividade sobre reatividade; REQ-05; REQ-07","<p><b>Objetivo</b><br>Transformar a ação recomendada em execução automática e mensurável nos canais do cliente.</p><p><b>Hipótese de valor</b><br>Se o lembrete chegar pelo WhatsApp no momento certo, então mais clientes voltam para a revisão, medido por entrega em menos de 30 segundos (REQ-07) e taxa de agendamento por mensagem.</p><p><b>Métricas de sucesso</b></p><ul><li>REQ-07: entrega em menos de 30 segundos.</li><li>Taxa de resposta às mensagens.</li><li>Taxa de opt-out abaixo de 2%.</li></ul><p><b>Features</b></p><ul><li>[FT-06.1] Notificações WhatsApp via n8n (21 pts, New)</li><li>[FT-06.2] Recall Gateway e agendamento digital (34 pts, New)</li></ul><p><b>Rastreabilidade e planejamento</b></p><ul><li>Pilar: Action Engine</li><li>Elementos ArchiMate: n8n (Action Engine); n8n (Docker); WhatsApp Business API; WhatsApp Business API (Meta); Notification Service; Serviço de Notificação; Disparar Ação; Recall como Porta; Agendamento Digital; Proatividade sobre reatividade</li><li>Requisitos de qualidade: REQ-05: LGPD — dados pseudonimizados; REQ-07: Entrega WhatsApp &lt; 30s</li><li>Esforço total: 55 pontos. Prioridade: Must (Priority 1)</li></ul><p><b>Critérios de Pronto (DoD do Épico)</b></p><ol><li>Features necessárias em Done; as remanescentes repriorizadas pelo Product Owner.</li><li>Métricas de sucesso do épico medidas e registradas na wiki.</li><li>Views ArchiMate atualizadas quando a arquitetura mudou.</li><li>Resultado apresentado aos stakeholders (banca FIAP x Ford) e lições registradas na retrospectiva.</li></ol><p><i>Chave de rastreio EP-06, gerada a partir de forward-docs/academic/qa/sprint3/backlog.json.</i></p>","<p><b>Critérios de aceite do épico</b></p><ul><li>Ordens da API chegam ao n8n sem perda nem duplicidade.</li><li>Respostas e opt-out refletidos na plataforma.</li><li>Agendamento e recall operando de ponta a ponta.</li></ul>"
"","Feature","","[FT-06.1] Notificações WhatsApp via n8n","","","1","21","85","","","ForwardService","fwd-import; MoSCoW:Must; ArchiMate:n8n (Action Engine); ArchiMate:WhatsApp Business API; ArchiMate:Notification Service; ArchiMate:Disparar Ação; REQ-07","<p><b>Objetivo</b><br>Ordens da API para o n8n, lembrete proativo, conversa bidirecional e opt-out.</p><p><b>Persona principal:</b> Cliente Ford</p><p><b>PBIs</b></p><ul><li>[PBI-043] Ordens de ação da API para o n8n (outbox e HMAC) (Sprint 5, 5 pts, New)</li><li>[PBI-044] Lembrete de revisão via WhatsApp Business (Sprint 5, 8 pts, New)</li><li>[PBI-045] Respostas do cliente e opt-out pelo WhatsApp (Sprint 5, 8 pts, New)</li></ul><p><b>Rastreabilidade e planejamento</b></p><ul><li>Elementos ArchiMate: n8n (Action Engine); WhatsApp Business API; Notification Service; Disparar Ação</li><li>Requisitos de qualidade: REQ-07: Entrega WhatsApp &lt; 30s</li><li>Épico: [EP-06] Action Engine: n8n e WhatsApp</li><li>Esforço total: 21 pontos. Prioridade: Must (Priority 1)</li></ul><p><b>Critérios de Pronto (DoD da Feature)</b></p><ol><li>Todos os PBIs filhos em Done ou movidos explicitamente pelo Product Owner.</li><li>Fluxo ponta a ponta da feature demonstrado em ambiente integrado.</li><li>Critérios de aceite da feature verificados na Sprint Review.</li><li>Documentação e diagramas afetados atualizados (README, wiki, views ArchiMate).</li></ol><p><i>Chave de rastreio FT-06.1, gerada a partir de forward-docs/academic/qa/sprint3/backlog.json.</i></p>","<p><b>Funcionalidade:</b> Lembrete ponta a ponta</p><p><b>Cenário 1: Lembrete entregue e respondido</b> <i>(caminho feliz)</i><br>&nbsp;&nbsp;<b>Dado</b> uma ação recomendada para um cliente com consentimento<br>&nbsp;&nbsp;<b>Quando</b> a API emite a ordem<br>&nbsp;&nbsp;<b>Então</b> o cliente recebe o WhatsApp em até 30 segundos<br>&nbsp;&nbsp;<b>E</b> a resposta volta para a ficha no app</p><p><b>Cenário 2: Canal indisponível</b> <i>(erro)</i><br>&nbsp;&nbsp;<b>Dado</b> a WhatsApp Business API fora do ar<br>&nbsp;&nbsp;<b>Quando</b> há ordens pendentes<br>&nbsp;&nbsp;<b>Então</b> elas ficam na fila e são reprocessadas sem duplicidade</p>"
"","Product Backlog Item","","","[PBI-043] Ordens de ação da API para o n8n (outbox e HMAC)","","1","5","80","","","ForwardService\Sprint 5","fwd-import; MoSCoW:Must; Frente:SOA; ArchiMate:Notification Service; ArchiMate:n8n (Action Engine); ArchiMate:recommended_actions; ArchiMate:Disparar Ação; REQ-07","<p><b>História de usuário</b><br>Como <b>Gestor de Retenção</b>, quero <b>que cada ação recomendada gere uma ordem confiável para o Action Engine</b>, para <b>que nenhuma mensagem seja perdida ou duplicada</b>.</p><p><b>Contexto técnico</b><br>Padrão outbox em recommended_actions; o despachante envia a ordem ao n8n com assinatura HMAC-SHA256 e idempotência pelo id da ordem.</p><p><b>Planejamento</b></p><ul><li>Sprint: Sprint 5 (12/10/2026 a 08/11/2026)</li><li>Prioridade: Must (MoSCoW) = Priority 1</li><li>Esforço: 5 pontos (Planning Poker, Fibonacci). Valor de negócio: 80</li><li>Responsável: Ruan Melo Vieira</li><li>Ordem de implementação no backlog: 43º</li><li>Predecessoras: PBI-035 Criptografia de PII em nível de campo; PBI-042 Hospedagem na Azure VM com Docker e VNet</li></ul><p><b>Rastreabilidade TOGAF/ArchiMate</b></p><ul><li>Elementos ArchiMate: Notification Service; n8n (Action Engine); recommended_actions; Disparar Ação</li><li>Requisitos de qualidade: REQ-07: Entrega WhatsApp &lt; 30s</li><li>Feature: [FT-06.1] Notificações WhatsApp via n8n. Épico: [EP-06] Action Engine: n8n e WhatsApp</li></ul><p><b>Critérios de Pronto (DoD)</b></p><ol><li>Todos os cenários Gherkin do critério de aceite verificados e evidenciados (teste automatizado, relatório ou roteiro com prints).</li><li>Código ou artefato revisado em pull request aprovado por outro integrante (CODEOWNERS) e integrado à branch main.</li><li>Pipeline de CI verde: build, testes, lint e verificações de segurança (SAST, SCA e secret scan).</li><li>Testes automatizados para o caminho feliz e para os cenários de erro sempre que o item envolve código.</li><li>Nenhuma vulnerabilidade High/Critical aberta sem aceite formal, nenhum segredo commitado e dados pessoais tratados conforme a LGPD (REQ-05).</li><li>Requisitos de qualidade aplicáveis (REQ-01 a REQ-07) atendidos e medidos.</li><li>Documentação atualizada (README, OpenAPI, wiki ou model card) e rastreabilidade ArchiMate mantida nas tags.</li><li>Demonstrado ao Product Owner na Sprint Review e estado atualizado para Done no Azure Boards.</li><li>Contrato do webhook documentado.</li></ol><p><i>Chave de rastreio PBI-043, gerada a partir de forward-docs/academic/qa/sprint3/backlog.json.</i></p>","<p><b>Funcionalidade:</b> Integração da API com o Action Engine</p><p><b>Cenário 1: Ordem entregue uma única vez</b> <i>(caminho feliz)</i><br>&nbsp;&nbsp;<b>Dado</b> uma ação recomendada pendente<br>&nbsp;&nbsp;<b>Quando</b> o despachante envia a ordem ao n8n<br>&nbsp;&nbsp;<b>Então</b> o n8n confirma o recebimento<br>&nbsp;&nbsp;<b>E</b> o status da ação muda para dispatched</p><p><b>Cenário 2: Assinatura inválida</b> <i>(erro)</i><br>&nbsp;&nbsp;<b>Dado</b> uma chamada ao webhook do n8n sem HMAC válido<br>&nbsp;&nbsp;<b>Quando</b> ela chega<br>&nbsp;&nbsp;<b>Então</b> é rejeitada com 401</p><p><b>Cenário 3: Reenvio após falha de rede</b> <i>(caso de borda)</i><br>&nbsp;&nbsp;<b>Dado</b> uma falha de rede no envio<br>&nbsp;&nbsp;<b>Quando</b> o despachante tenta novamente<br>&nbsp;&nbsp;<b>Então</b> a ordem não é duplicada no n8n</p>"
"","Product Backlog Item","","","[PBI-044] Lembrete de revisão via WhatsApp Business","","1","8","90","","","ForwardService\Sprint 5","fwd-import; MoSCoW:Must; Frente:Produto; ArchiMate:n8n (Action Engine); ArchiMate:WhatsApp Business API; ArchiMate:WhatsApp Business API (Meta); ArchiMate:Serviço de Notificação; ArchiMate:Disparar Ação; REQ-07","<p><b>História de usuário</b><br>Como <b>Cliente Ford</b>, quero <b>receber pelo WhatsApp um lembrete personalizado da revisão</b>, para <b>voltar à rede no momento certo</b>.</p><p><b>Contexto técnico</b><br>Workflow n8n com template aprovado da WhatsApp Business API (Meta); personalização por segmento e oferta; confirmação de entrega registrada.</p><p><b>Planejamento</b></p><ul><li>Sprint: Sprint 5 (12/10/2026 a 08/11/2026)</li><li>Prioridade: Must (MoSCoW) = Priority 1</li><li>Esforço: 8 pontos (Planning Poker, Fibonacci). Valor de negócio: 90</li><li>Responsável: João Victor Franco</li><li>Ordem de implementação no backlog: 44º</li><li>Predecessoras: PBI-043 Ordens de ação da API para o n8n (outbox e HMAC)</li></ul><p><b>Rastreabilidade TOGAF/ArchiMate</b></p><ul><li>Elementos ArchiMate: n8n (Action Engine); WhatsApp Business API; WhatsApp Business API (Meta); Serviço de Notificação; Disparar Ação</li><li>Requisitos de qualidade: REQ-07: Entrega WhatsApp &lt; 30s</li><li>Feature: [FT-06.1] Notificações WhatsApp via n8n. Épico: [EP-06] Action Engine: n8n e WhatsApp</li></ul><p><b>Critérios de Pronto (DoD)</b></p><ol><li>Todos os cenários Gherkin do critério de aceite verificados e evidenciados (teste automatizado, relatório ou roteiro com prints).</li><li>Código ou artefato revisado em pull request aprovado por outro integrante (CODEOWNERS) e integrado à branch main.</li><li>Pipeline de CI verde: build, testes, lint e verificações de segurança (SAST, SCA e secret scan).</li><li>Testes automatizados para o caminho feliz e para os cenários de erro sempre que o item envolve código.</li><li>Nenhuma vulnerabilidade High/Critical aberta sem aceite formal, nenhum segredo commitado e dados pessoais tratados conforme a LGPD (REQ-05).</li><li>Requisitos de qualidade aplicáveis (REQ-01 a REQ-07) atendidos e medidos.</li><li>Documentação atualizada (README, OpenAPI, wiki ou model card) e rastreabilidade ArchiMate mantida nas tags.</li><li>Demonstrado ao Product Owner na Sprint Review e estado atualizado para Done no Azure Boards.</li><li>Template aprovado ou uso de sandbox documentado.</li><li>Latência de entrega medida.</li></ol><p><i>Chave de rastreio PBI-044, gerada a partir de forward-docs/academic/qa/sprint3/backlog.json.</i></p>","<p><b>Funcionalidade:</b> Lembrete proativo</p><p><b>Cenário 1: Entrega em até 30 segundos</b> <i>(caminho feliz)</i><br>&nbsp;&nbsp;<b>Dado</b> uma ordem de lembrete para um cliente com consentimento<br>&nbsp;&nbsp;<b>Quando</b> o n8n processa a ordem<br>&nbsp;&nbsp;<b>Então</b> a mensagem é entregue no WhatsApp em até 30 segundos (REQ-07)<br>&nbsp;&nbsp;<b>E</b> o status delivered é registrado</p><p><b>Cenário 2: Número inválido</b> <i>(erro)</i><br>&nbsp;&nbsp;<b>Dado</b> um telefone inválido<br>&nbsp;&nbsp;<b>Quando</b> o envio é tentado<br>&nbsp;&nbsp;<b>Então</b> o status failed é registrado com o motivo<br>&nbsp;&nbsp;<b>E</b> a ação volta para a fila do atendente</p><p><b>Cenário 3: Cliente sem consentimento</b> <i>(caso de borda)</i><br>&nbsp;&nbsp;<b>Dado</b> um cliente sem consentimento de comunicação<br>&nbsp;&nbsp;<b>Quando</b> existe uma ordem de lembrete para ele<br>&nbsp;&nbsp;<b>Então</b> nenhuma mensagem é enviada</p>"
"","Product Backlog Item","","","[PBI-045] Respostas do cliente e opt-out pelo WhatsApp","","1","8","80","","","ForwardService\Sprint 5","fwd-import; MoSCoW:Must; Frente:SOA; ArchiMate:n8n (Action Engine); ArchiMate:WhatsApp Business API; ArchiMate:forward-api-java; REQ-05; REQ-07","<p><b>História de usuário</b><br>Como <b>Atendente da concessionária</b>, quero <b>ver as respostas do cliente e respeitar quem pedir para sair</b>, para <b>continuar a conversa certa sem ferir a LGPD</b>.</p><p><b>Contexto técnico</b><br>Webhook inbound no n8n encaminha as respostas para a API (conversations); a palavra-chave SAIR registra o opt-out e bloqueia novos envios.</p><p><b>Planejamento</b></p><ul><li>Sprint: Sprint 5 (12/10/2026 a 08/11/2026)</li><li>Prioridade: Must (MoSCoW) = Priority 1</li><li>Esforço: 8 pontos (Planning Poker, Fibonacci). Valor de negócio: 80</li><li>Responsável: Ruan Melo Vieira</li><li>Ordem de implementação no backlog: 45º</li><li>Predecessoras: PBI-044 Lembrete de revisão via WhatsApp Business; PBI-037 Primeiro acesso: consentimento LGPD e onboarding guiado</li></ul><p><b>Rastreabilidade TOGAF/ArchiMate</b></p><ul><li>Elementos ArchiMate: n8n (Action Engine); WhatsApp Business API; forward-api-java</li><li>Requisitos de qualidade: REQ-05: LGPD — dados pseudonimizados; REQ-07: Entrega WhatsApp &lt; 30s</li><li>Feature: [FT-06.1] Notificações WhatsApp via n8n. Épico: [EP-06] Action Engine: n8n e WhatsApp</li></ul><p><b>Critérios de Pronto (DoD)</b></p><ol><li>Todos os cenários Gherkin do critério de aceite verificados e evidenciados (teste automatizado, relatório ou roteiro com prints).</li><li>Código ou artefato revisado em pull request aprovado por outro integrante (CODEOWNERS) e integrado à branch main.</li><li>Pipeline de CI verde: build, testes, lint e verificações de segurança (SAST, SCA e secret scan).</li><li>Testes automatizados para o caminho feliz e para os cenários de erro sempre que o item envolve código.</li><li>Nenhuma vulnerabilidade High/Critical aberta sem aceite formal, nenhum segredo commitado e dados pessoais tratados conforme a LGPD (REQ-05).</li><li>Requisitos de qualidade aplicáveis (REQ-01 a REQ-07) atendidos e medidos.</li><li>Documentação atualizada (README, OpenAPI, wiki ou model card) e rastreabilidade ArchiMate mantida nas tags.</li><li>Demonstrado ao Product Owner na Sprint Review e estado atualizado para Done no Azure Boards.</li><li>Registro de opt-out auditado.</li></ol><p><i>Chave de rastreio PBI-045, gerada a partir de forward-docs/academic/qa/sprint3/backlog.json.</i></p>","<p><b>Funcionalidade:</b> Conversa bidirecional</p><p><b>Cenário 1: Resposta vira contexto na ficha</b> <i>(caminho feliz)</i><br>&nbsp;&nbsp;<b>Dado</b> um cliente que respondeu ao lembrete<br>&nbsp;&nbsp;<b>Quando</b> o webhook inbound é processado<br>&nbsp;&nbsp;<b>Então</b> a mensagem aparece na ficha do cliente no app</p><p><b>Cenário 2: Pedido de opt-out</b> <i>(erro)</i><br>&nbsp;&nbsp;<b>Dado</b> um cliente que responde SAIR<br>&nbsp;&nbsp;<b>Quando</b> a mensagem é processada<br>&nbsp;&nbsp;<b>Então</b> o opt-out é registrado<br>&nbsp;&nbsp;<b>E</b> nenhuma nova mensagem automática é enviada a ele</p>"
"","Feature","","[FT-06.2] Recall Gateway e agendamento digital","","","2","34","75","","","ForwardService","fwd-import; MoSCoW:Should; ArchiMate:Recall como Porta; ArchiMate:Agendamento Digital; ArchiMate:Serviço de Agendamento; REQ-07","<p><b>Objetivo</b><br>Recall como porta de entrada e agendamento em poucos toques; integração com DMS como visão futura.</p><p><b>Persona principal:</b> Cliente Ford</p><p><b>PBIs</b></p><ul><li>[PBI-052] Recall Gateway: recall pendente vira convite de retorno (Sprint 6, 5 pts, New)</li><li>[PBI-053] Agendamento digital da revisão (Sprint 6, 8 pts, New)</li><li>[PBI-060] Integração com o DMS das concessionárias (backlog futuro, 21 pts, New)</li></ul><p><b>Rastreabilidade e planejamento</b></p><ul><li>Elementos ArchiMate: Recall como Porta; Agendamento Digital; Serviço de Agendamento</li><li>Requisitos de qualidade: REQ-07: Entrega WhatsApp &lt; 30s</li><li>Épico: [EP-06] Action Engine: n8n e WhatsApp</li><li>Esforço total: 34 pontos. Prioridade: Should (Priority 2)</li></ul><p><b>Critérios de Pronto (DoD da Feature)</b></p><ol><li>Todos os PBIs filhos em Done ou movidos explicitamente pelo Product Owner.</li><li>Fluxo ponta a ponta da feature demonstrado em ambiente integrado.</li><li>Critérios de aceite da feature verificados na Sprint Review.</li><li>Documentação e diagramas afetados atualizados (README, wiki, views ArchiMate).</li></ol><p><i>Chave de rastreio FT-06.2, gerada a partir de forward-docs/academic/qa/sprint3/backlog.json.</i></p>","<p><b>Funcionalidade:</b> Do convite à agenda</p><p><b>Cenário 1: Convite convertido em agendamento</b> <i>(caminho feliz)</i><br>&nbsp;&nbsp;<b>Dado</b> um cliente convidado por recall ou lembrete<br>&nbsp;&nbsp;<b>Quando</b> ele aceita o convite<br>&nbsp;&nbsp;<b>Então</b> consegue agendar e o atendente vê o agendamento</p><p><b>Cenário 2: Sem agenda disponível</b> <i>(caso de borda)</i><br>&nbsp;&nbsp;<b>Dado</b> uma concessionária sem horários na semana<br>&nbsp;&nbsp;<b>Quando</b> o cliente tenta agendar<br>&nbsp;&nbsp;<b>Então</b> recebe a próxima data disponível</p>"
"","Product Backlog Item","","","[PBI-052] Recall Gateway: recall pendente vira convite de retorno","","3","5","70","","","ForwardService\Sprint 6","fwd-import; MoSCoW:Could; Frente:Produto; ArchiMate:Recall como Porta; ArchiMate:n8n (Action Engine); ArchiMate:3.4M Recalls pendentes; REQ-07","<p><b>História de usuário</b><br>Como <b>Cliente Ford</b>, quero <b>ser avisado de um recall pendente do meu veículo e agendar o atendimento</b>, para <b>resolver a pendência e não ter o licenciamento bloqueado</b>.</p><p><b>Contexto técnico</b><br>Cruzamento dos VINs com as campanhas de recall (Senacon e Ford) e fluxo n8n dedicado com oferta de check-up.</p><p><b>Planejamento</b></p><ul><li>Sprint: Sprint 6 (09/11/2026 a 06/12/2026)</li><li>Prioridade: Could (MoSCoW) = Priority 3</li><li>Esforço: 5 pontos (Planning Poker, Fibonacci). Valor de negócio: 70</li><li>Responsável: João Victor Franco</li><li>Ordem de implementação no backlog: 52º</li><li>Predecessoras: PBI-044 Lembrete de revisão via WhatsApp Business</li></ul><p><b>Rastreabilidade TOGAF/ArchiMate</b></p><ul><li>Elementos ArchiMate: Recall como Porta; n8n (Action Engine); 3,4M Recalls pendentes</li><li>Requisitos de qualidade: REQ-07: Entrega WhatsApp &lt; 30s</li><li>Feature: [FT-06.2] Recall Gateway e agendamento digital. Épico: [EP-06] Action Engine: n8n e WhatsApp</li></ul><p><b>Critérios de Pronto (DoD)</b></p><ol><li>Todos os cenários Gherkin do critério de aceite verificados e evidenciados (teste automatizado, relatório ou roteiro com prints).</li><li>Código ou artefato revisado em pull request aprovado por outro integrante (CODEOWNERS) e integrado à branch main.</li><li>Pipeline de CI verde: build, testes, lint e verificações de segurança (SAST, SCA e secret scan).</li><li>Testes automatizados para o caminho feliz e para os cenários de erro sempre que o item envolve código.</li><li>Nenhuma vulnerabilidade High/Critical aberta sem aceite formal, nenhum segredo commitado e dados pessoais tratados conforme a LGPD (REQ-05).</li><li>Requisitos de qualidade aplicáveis (REQ-01 a REQ-07) atendidos e medidos.</li><li>Documentação atualizada (README, OpenAPI, wiki ou model card) e rastreabilidade ArchiMate mantida nas tags.</li><li>Demonstrado ao Product Owner na Sprint Review e estado atualizado para Done no Azure Boards.</li><li>Fonte das campanhas de recall documentada.</li></ol><p><i>Chave de rastreio PBI-052, gerada a partir de forward-docs/academic/qa/sprint3/backlog.json.</i></p>","<p><b>Funcionalidade:</b> Recall como porta de entrada</p><p><b>Cenário 1: Recall identificado</b> <i>(caminho feliz)</i><br>&nbsp;&nbsp;<b>Dado</b> um VIN afetado por campanha de recall ativa<br>&nbsp;&nbsp;<b>Quando</b> o cruzamento diário roda<br>&nbsp;&nbsp;<b>Então</b> uma ação de recall é criada com prioridade alta</p><p><b>Cenário 2: Recall já atendido</b> <i>(caso de borda)</i><br>&nbsp;&nbsp;<b>Dado</b> um VIN com o recall registrado como executado<br>&nbsp;&nbsp;<b>Quando</b> o cruzamento roda<br>&nbsp;&nbsp;<b>Então</b> nenhuma mensagem é enviada</p>"
"","Product Backlog Item","","","[PBI-053] Agendamento digital da revisão","","2","8","80","","","ForwardService\Sprint 6","fwd-import; MoSCoW:Should; Frente:SOA; ArchiMate:Agendamento Digital; ArchiMate:Serviço de Agendamento; ArchiMate:forward-api-java; REQ-06; REQ-07","<p><b>História de usuário</b><br>Como <b>Cliente Ford</b>, quero <b>agendar a revisão em poucos toques pelo WhatsApp ou pelo app</b>, para <b>não precisar ligar para a concessionária</b>.</p><p><b>Contexto técnico</b><br>Serviço de Agendamento com horários por concessionária, confirmação e lembrete; o lead passa para agendado.</p><p><b>Planejamento</b></p><ul><li>Sprint: Sprint 6 (09/11/2026 a 06/12/2026)</li><li>Prioridade: Should (MoSCoW) = Priority 2</li><li>Esforço: 8 pontos (Planning Poker, Fibonacci). Valor de negócio: 80</li><li>Responsável: Ruan Melo Vieira</li><li>Ordem de implementação no backlog: 53º</li><li>Predecessoras: PBI-045 Respostas do cliente e opt-out pelo WhatsApp</li></ul><p><b>Rastreabilidade TOGAF/ArchiMate</b></p><ul><li>Elementos ArchiMate: Agendamento Digital; Serviço de Agendamento; forward-api-java</li><li>Requisitos de qualidade: REQ-06: Onboarding atendente &lt; 15 min; REQ-07: Entrega WhatsApp &lt; 30s</li><li>Feature: [FT-06.2] Recall Gateway e agendamento digital. Épico: [EP-06] Action Engine: n8n e WhatsApp</li></ul><p><b>Critérios de Pronto (DoD)</b></p><ol><li>Todos os cenários Gherkin do critério de aceite verificados e evidenciados (teste automatizado, relatório ou roteiro com prints).</li><li>Código ou artefato revisado em pull request aprovado por outro integrante (CODEOWNERS) e integrado à branch main.</li><li>Pipeline de CI verde: build, testes, lint e verificações de segurança (SAST, SCA e secret scan).</li><li>Testes automatizados para o caminho feliz e para os cenários de erro sempre que o item envolve código.</li><li>Nenhuma vulnerabilidade High/Critical aberta sem aceite formal, nenhum segredo commitado e dados pessoais tratados conforme a LGPD (REQ-05).</li><li>Requisitos de qualidade aplicáveis (REQ-01 a REQ-07) atendidos e medidos.</li><li>Documentação atualizada (README, OpenAPI, wiki ou model card) e rastreabilidade ArchiMate mantida nas tags.</li><li>Demonstrado ao Product Owner na Sprint Review e estado atualizado para Done no Azure Boards.</li><li>Conflitos de agenda testados com concorrência.</li></ol><p><i>Chave de rastreio PBI-053, gerada a partir de forward-docs/academic/qa/sprint3/backlog.json.</i></p>","<p><b>Funcionalidade:</b> Agendamento</p><p><b>Cenário 1: Agendamento confirmado</b> <i>(caminho feliz)</i><br>&nbsp;&nbsp;<b>Dado</b> um cliente com horário disponível na concessionária<br>&nbsp;&nbsp;<b>Quando</b> ele escolhe o horário<br>&nbsp;&nbsp;<b>Então</b> recebe a confirmação<br>&nbsp;&nbsp;<b>E</b> o lead muda para agendado no app do atendente</p><p><b>Cenário 2: Horário ocupado</b> <i>(erro)</i><br>&nbsp;&nbsp;<b>Dado</b> um horário tomado por outro cliente segundos antes<br>&nbsp;&nbsp;<b>Quando</b> a confirmação é enviada<br>&nbsp;&nbsp;<b>Então</b> a API responde 409<br>&nbsp;&nbsp;<b>E</b> oferece horários alternativos</p>"
"","Product Backlog Item","","","[PBI-060] Integração com o DMS das concessionárias","","4","21","30","","","ForwardService","fwd-import; MoSCoW:Won't; Frente:SOA; ArchiMate:forward-api-java; ArchiMate:Serviço de Agendamento","<p><b>História de usuário</b><br>Como <b>Gerente de Serviço</b>, quero <b>que as ordens de serviço do DMS entrem automaticamente na plataforma</b>, para <b>eliminar a digitação dupla</b>.</p><p><b>Contexto técnico</b><br>Depende de acordo com a Ford e com os fornecedores de DMS; item grande (21 pontos) que precisa ser quebrado antes de entrar em uma sprint.</p><p><b>Planejamento</b></p><ul><li>Sprint: Backlog futuro (sem sprint)</li><li>Prioridade: Won't (MoSCoW) = Priority 4</li><li>Esforço: 21 pontos (Planning Poker, Fibonacci). Valor de negócio: 30</li><li>Responsável: Ruan Melo Vieira</li><li>Ordem de implementação no backlog: 60º</li><li>Predecessoras: PBI-053 Agendamento digital da revisão</li></ul><p><b>Rastreabilidade TOGAF/ArchiMate</b></p><ul><li>Elementos ArchiMate: forward-api-java; Serviço de Agendamento</li><li>Requisitos de qualidade: nenhum específico</li><li>Feature: [FT-06.2] Recall Gateway e agendamento digital. Épico: [EP-06] Action Engine: n8n e WhatsApp</li></ul><p><b>Critérios de Pronto (DoD)</b></p><ol><li>Todos os cenários Gherkin do critério de aceite verificados e evidenciados (teste automatizado, relatório ou roteiro com prints).</li><li>Código ou artefato revisado em pull request aprovado por outro integrante (CODEOWNERS) e integrado à branch main.</li><li>Pipeline de CI verde: build, testes, lint e verificações de segurança (SAST, SCA e secret scan).</li><li>Testes automatizados para o caminho feliz e para os cenários de erro sempre que o item envolve código.</li><li>Nenhuma vulnerabilidade High/Critical aberta sem aceite formal, nenhum segredo commitado e dados pessoais tratados conforme a LGPD (REQ-05).</li><li>Requisitos de qualidade aplicáveis (REQ-01 a REQ-07) atendidos e medidos.</li><li>Documentação atualizada (README, OpenAPI, wiki ou model card) e rastreabilidade ArchiMate mantida nas tags.</li><li>Demonstrado ao Product Owner na Sprint Review e estado atualizado para Done no Azure Boards.</li><li>Quebrar em PBIs de até 13 pontos antes do planejamento.</li></ol><p><i>Chave de rastreio PBI-060, gerada a partir de forward-docs/academic/qa/sprint3/backlog.json.</i></p>","<p><b>Funcionalidade:</b> Integração com DMS</p><p><b>Cenário 1: OS importada</b> <i>(caminho feliz)</i><br>&nbsp;&nbsp;<b>Dado</b> uma ordem de serviço fechada no DMS<br>&nbsp;&nbsp;<b>Quando</b> a integração sincroniza<br>&nbsp;&nbsp;<b>Então</b> o evento de serviço aparece no histórico do VIN</p><p><b>Cenário 2: OS duplicada</b> <i>(erro)</i><br>&nbsp;&nbsp;<b>Dado</b> uma ordem de serviço já importada<br>&nbsp;&nbsp;<b>Quando</b> ela chega novamente<br>&nbsp;&nbsp;<b>Então</b> não é duplicada</p>"
